2025-06-07 00:12:34,315 [ERROR] LogOutputStream:75 - [STDERR_REDIRECT] 
2025-06-07 09:28:30,131 [INFO] Activator:176 - 


2025-06-07 09:28:30,134 [INFO] Activator:177 - !SESSION log4j initialized
2025-06-07 09:28:38,435 [INFO] LogOutputStream:77 - [STDOUT_REDIRECT] 
2025-06-07 09:28:42,998 [INFO] ApplicationProperties:184 - Using Application install path: C:\ST\STM32CubeIDE_1.13.1\STM32CubeIDE\plugins\com.st.stm32cube.common.mx_6.14.1.202504091515
2025-06-07 09:28:43,021 [INFO] DbMcusXml:78 - Set database path to: C:\ST\STM32CubeIDE_1.13.1\STM32CubeIDE\plugins\com.st.stm32cube.common.mx_6.14.1.202504091515\\db\/mcu/
2025-06-07 09:28:43,022 [INFO] ApiDb:274 - Set plugin database path to: C:\ST\STM32CubeIDE_1.13.1\STM32CubeIDE\plugins\com.st.stm32cube.common.mx_6.14.1.202504091515\\db\/plugins/boardmanager/
2025-06-07 09:28:43,023 [WARN] ApiDb:259 - Overriding images path with different value:  => C:\ST\STM32CubeIDE_1.13.1\STM32CubeIDE\plugins\com.st.stm32cube.common.mx_6.14.1.202504091515\\db\/plugins/mcufinder/images/
2025-06-07 09:28:43,034 [INFO] ApiDb:250 - Set database path to: C:\Users\amozd\.stmcufinder\plugins\mcufinder//mcu/
2025-06-07 09:28:43,036 [INFO] DbMcusAds:125 - Set database path to: C:\Users\amozd\.stmcufinder\plugins\mcufinder//mcu/
2025-06-07 09:28:43,039 [INFO] CrossReferenceDbSqlite:203 - Set database path to: C:\Users\amozd\.stmcufinder\plugins\mcufinder//mcu/cs/
2025-06-07 09:28:43,222 [INFO] RulesReader:64 - Compatibility file has been processed (302 Rules)
2025-06-07 09:28:43,344 [INFO] DbMcusXml:78 - Set database path to: C:\ST\STM32CubeIDE_1.13.1\STM32CubeIDE\plugins\com.st.stm32cube.common.mx_6.14.1.202504091515\\db\/mcu/
2025-06-07 09:28:43,344 [INFO] ApiDb:274 - Set plugin database path to: C:\ST\STM32CubeIDE_1.13.1\STM32CubeIDE\plugins\com.st.stm32cube.common.mx_6.14.1.202504091515\\db\/plugins/boardmanager/
2025-06-07 09:28:43,344 [INFO] ApiDb:261 - Set plugin images path to: C:\ST\STM32CubeIDE_1.13.1\STM32CubeIDE\plugins\com.st.stm32cube.common.mx_6.14.1.202504091515\\db\/plugins/mcufinder/images/
2025-06-07 09:28:43,344 [WARN] DbFile:41 - Overriding database path with different value: C:\Users\amozd\.stmcufinder\plugins\mcufinder/ => C:\Users\amozd\.stmcufinder\plugins\mcufinder
2025-06-07 09:28:43,344 [INFO] ApiDb:250 - Set database path to: C:\Users\amozd\.stmcufinder\plugins\mcufinder//mcu/
2025-06-07 09:28:43,346 [WARN] DbFile:41 - Overriding database path with different value: C:\Users\amozd\.stmcufinder\plugins\mcufinder/ => C:\Users\amozd\.stmcufinder\plugins\mcufinder
2025-06-07 09:28:43,346 [INFO] DbMcusAds:125 - Set database path to: C:\Users\amozd\.stmcufinder\plugins\mcufinder//mcu/
2025-06-07 09:28:43,346 [WARN] DbFile:41 - Overriding database path with different value: C:\Users\amozd\.stmcufinder\plugins\mcufinder/ => C:\Users\amozd\.stmcufinder\plugins\mcufinder
2025-06-07 09:28:43,346 [WARN] DbFile:41 - Overriding database path with different value: C:\Users\amozd\.stmcufinder\plugins\mcufinder/ => C:\Users\amozd\.stmcufinder\plugins\mcufinder
2025-06-07 09:28:43,346 [INFO] CrossReferenceDbSqlite:203 - Set database path to: C:\Users\amozd\.stmcufinder\plugins\mcufinder//mcu/cs/
2025-06-07 09:28:43,465 [INFO] MainPanel:272 - HeapMemory: 268435456
2025-06-07 09:28:43,685 [INFO] DbMcusXml:78 - Set database path to: C:\ST\STM32CubeIDE_1.13.1\STM32CubeIDE\plugins\com.st.stm32cube.common.mx_6.14.1.202504091515\\db\/mcu/
2025-06-07 09:28:43,685 [INFO] ApiDb:274 - Set plugin database path to: C:\ST\STM32CubeIDE_1.13.1\STM32CubeIDE\plugins\com.st.stm32cube.common.mx_6.14.1.202504091515\\db\/plugins/boardmanager/
2025-06-07 09:28:43,685 [INFO] ApiDb:261 - Set plugin images path to: C:\ST\STM32CubeIDE_1.13.1\STM32CubeIDE\plugins\com.st.stm32cube.common.mx_6.14.1.202504091515\\db\/plugins/mcufinder/images/
2025-06-07 09:28:43,686 [WARN] DbFile:41 - Overriding database path with different value: C:\Users\amozd\.stmcufinder\plugins\mcufinder/ => C:\Users\amozd\.stmcufinder\plugins\mcufinder
2025-06-07 09:28:43,686 [INFO] ApiDb:250 - Set database path to: C:\Users\amozd\.stmcufinder\plugins\mcufinder//mcu/
2025-06-07 09:28:43,687 [WARN] DbFile:41 - Overriding database path with different value: C:\Users\amozd\.stmcufinder\plugins\mcufinder/ => C:\Users\amozd\.stmcufinder\plugins\mcufinder
2025-06-07 09:28:43,687 [INFO] DbMcusAds:125 - Set database path to: C:\Users\amozd\.stmcufinder\plugins\mcufinder//mcu/
2025-06-07 09:28:43,687 [WARN] DbFile:41 - Overriding database path with different value: C:\Users\amozd\.stmcufinder\plugins\mcufinder/ => C:\Users\amozd\.stmcufinder\plugins\mcufinder
2025-06-07 09:28:43,687 [WARN] DbFile:41 - Overriding database path with different value: C:\Users\amozd\.stmcufinder\plugins\mcufinder/ => C:\Users\amozd\.stmcufinder\plugins\mcufinder
2025-06-07 09:28:43,687 [INFO] CrossReferenceDbSqlite:203 - Set database path to: C:\Users\amozd\.stmcufinder\plugins\mcufinder//mcu/cs/
2025-06-07 09:28:43,715 [INFO] ApplicationProperties:184 - Using Application install path: C:\ST\STM32CubeIDE_1.13.1\STM32CubeIDE\plugins\com.st.stm32cube.common.mx_6.14.1.202504091515
2025-06-07 09:28:43,717 [INFO] PluginManage:196 - Search for loadable plugins [exclusion list=, ]
2025-06-07 09:28:43,720 [INFO] PluginManage:310 - Check plugin analytics
2025-06-07 09:28:44,071 [INFO] AnalyticsPlugin:253 - Accepted Software Licenses: 
2025-06-07 09:28:44,071 [INFO] AnalyticsPlugin:255 - Accepted CMSIS Pack Licenses: 
2025-06-07 09:28:44,071 [INFO] AnalyticsPlugin:257 - Accepted Firmware Licenses: FW.F4.1.27.0
2025-06-07 09:28:44,077 [INFO] PluginManage:359 - Loaded plugin analytics (category:tool,tabindex:-1)
2025-06-07 09:28:44,078 [INFO] PluginManage:310 - Check plugin cadmodel
2025-06-07 09:28:44,110 [INFO] CADModel:105 - Init CAD model plugin
2025-06-07 09:28:44,110 [INFO] PluginManage:359 - Loaded plugin cadmodel (category:power,tabindex:5)
2025-06-07 09:28:44,110 [INFO] PluginManage:310 - Check plugin clock
2025-06-07 09:28:44,139 [INFO] PluginManage:359 - Loaded plugin clock (category:base,tabindex:2)
2025-06-07 09:28:44,140 [INFO] PluginManage:310 - Check plugin ddr
2025-06-07 09:28:44,144 [INFO] PluginManage:359 - Loaded plugin ddr (category:tool,tabindex:6)
2025-06-07 09:28:44,144 [INFO] PluginManage:310 - Check plugin filemanager
2025-06-07 09:28:44,355 [INFO] PluginManage:359 - Loaded plugin filemanager (category:base,tabindex:10)
2025-06-07 09:28:44,355 [INFO] PluginManage:310 - Check plugin ipmanager
2025-06-07 09:28:44,366 [INFO] PluginManage:359 - Loaded plugin ipmanager (category:base,tabindex:5)
2025-06-07 09:28:44,368 [INFO] PluginManage:310 - Check plugin lpbam
2025-06-07 09:28:44,393 [INFO] PluginManage:359 - Loaded plugin lpbam (category:base,tabindex:0)
2025-06-07 09:28:44,393 [INFO] PluginManage:310 - Check plugin memorymap
2025-06-07 09:28:44,430 [INFO] PluginManage:359 - Loaded plugin memorymap (category:base,tabindex:4)
2025-06-07 09:28:44,431 [INFO] PluginManage:310 - Check plugin pinoutandconfiguration
2025-06-07 09:28:44,458 [INFO] PluginManage:359 - Loaded plugin pinoutandconfiguration (category:base,tabindex:1)
2025-06-07 09:28:44,459 [INFO] PluginManage:310 - Check plugin pinoutconfig
2025-06-07 09:28:44,644 [WARN] SupportedApi:132 - Cannot load RTOS API schema: s4s-elt-must-match.1: The content of 'definitions' must match (annotation?, (simpleType | complexType)?, (unique | key | keyref)*)). A problem was found starting at: attribute.
2025-06-07 09:28:44,898 [INFO] PluginManage:359 - Loaded plugin pinoutconfig (category:base,tabindex:0)
2025-06-07 09:28:44,899 [INFO] PluginManage:310 - Check plugin power
2025-06-07 09:28:44,940 [INFO] PluginManage:359 - Loaded plugin power (category:power,tabindex:4)
2025-06-07 09:28:44,940 [INFO] PluginManage:310 - Check plugin projectmanager
2025-06-07 09:28:44,971 [INFO] PluginManage:359 - Loaded plugin projectmanager (category:projectmanager,tabindex:4)
2025-06-07 09:28:44,971 [INFO] PluginManage:310 - Check plugin rif
2025-06-07 09:28:45,004 [INFO] PluginManage:359 - Loaded plugin rif (category:base,tabindex:3)
2025-06-07 09:28:45,005 [INFO] PluginManage:310 - Check plugin thirdparty
2025-06-07 09:28:45,521 [INFO] PluginManage:359 - Loaded plugin thirdparty (category:base,tabindex:-1)
2025-06-07 09:28:45,521 [WARN] IntegrityCheckThread:84 - waiting for thirdparty lock release [integrity check]
2025-06-07 09:28:45,521 [INFO] PluginManage:310 - Check plugin tools
2025-06-07 09:28:45,522 [INFO] IntegrityCheckThread:86 - entering critical section [integrity check]
2025-06-07 09:28:45,522 [INFO] ThirdPartyUpdaterWithRetryManager:70 - Updater plugin not ready yet. [1/15]
2025-06-07 09:28:45,589 [INFO] PluginManage:359 - Loaded plugin tools (category:base,tabindex:7)
2025-06-07 09:28:45,590 [INFO] PluginManage:310 - Check plugin tutovideos
2025-06-07 09:28:45,844 [INFO] PluginManage:359 - Loaded plugin tutovideos (category:base,tabindex:-1)
2025-06-07 09:28:45,844 [INFO] PluginManage:310 - Check plugin updater
2025-06-07 09:28:45,877 [INFO] PluginManage:359 - Loaded plugin updater (category:base,tabindex:12)
2025-06-07 09:28:45,878 [INFO] PluginManage:310 - Check plugin userauth
2025-06-07 09:28:45,885 [INFO] UserAuth:118 - Init User Auth plugin
2025-06-07 09:28:45,887 [INFO] PluginManage:359 - Loaded plugin userauth (category:base,tabindex:14)
2025-06-07 09:28:45,887 [INFO] PluginManage:283 - PluginManage : Loaded plugins [18]
2025-06-07 09:28:46,227 [INFO] PinOutPanel:1589 - setPackage(No Configuration,No Configuration)
2025-06-07 09:28:46,362 [INFO] CADModel:165 - CPN selected for project level
2025-06-07 09:28:46,363 [INFO] CADModel:114 - Register for checkConnection events
2025-06-07 09:28:46,401 [INFO] IPUIPlugin:80 - create IPUIPlugin
2025-06-07 09:28:46,402 [INFO] PluginManager:220 - loadIPPluginJar : add adc
2025-06-07 09:28:46,462 [INFO] IPUIPlugin:80 - create IPUIPlugin
2025-06-07 09:28:46,463 [INFO] PluginManager:220 - loadIPPluginJar : add aes
2025-06-07 09:28:46,531 [INFO] IPUIPlugin:80 - create IPUIPlugin
2025-06-07 09:28:46,532 [INFO] PluginManager:220 - loadIPPluginJar : add can
2025-06-07 09:28:46,572 [INFO] IPUIPlugin:80 - create IPUIPlugin
2025-06-07 09:28:46,573 [INFO] PluginManager:220 - loadIPPluginJar : add comp
2025-06-07 09:28:46,628 [INFO] IPUIPlugin:80 - create IPUIPlugin
2025-06-07 09:28:46,629 [INFO] PluginManager:220 - loadIPPluginJar : add cryp
2025-06-07 09:28:46,647 [INFO] IPUIPlugin:80 - create IPUIPlugin
2025-06-07 09:28:46,647 [INFO] PluginManager:220 - loadIPPluginJar : add ddr_ctrl_phy
2025-06-07 09:28:46,702 [INFO] IPUIPlugin:80 - create IPUIPlugin
2025-06-07 09:28:46,702 [INFO] PluginManager:220 - loadIPPluginJar : add dfsdm
2025-06-07 09:28:46,721 [INFO] IPUIPlugin:80 - create IPUIPlugin
2025-06-07 09:28:46,722 [INFO] PluginManager:220 - loadIPPluginJar : add dma
2025-06-07 09:28:46,788 [INFO] IPUIPlugin:80 - create IPUIPlugin
2025-06-07 09:28:46,788 [INFO] PluginManager:220 - loadIPPluginJar : add dma3
2025-06-07 09:28:46,863 [INFO] IPUIPlugin:80 - create IPUIPlugin
2025-06-07 09:28:46,863 [INFO] PluginManager:220 - loadIPPluginJar : add extmemmanager
2025-06-07 09:28:46,903 [INFO] IPUIPlugin:80 - create IPUIPlugin
2025-06-07 09:28:46,903 [INFO] PluginManager:220 - loadIPPluginJar : add fatfs
2025-06-07 09:28:46,996 [INFO] IPUIPlugin:80 - create IPUIPlugin
2025-06-07 09:28:46,997 [INFO] PluginManager:220 - loadIPPluginJar : add fmc
2025-06-07 09:28:47,020 [INFO] IPUIPlugin:80 - create IPUIPlugin
2025-06-07 09:28:47,021 [INFO] PluginManager:220 - loadIPPluginJar : add freertos
2025-06-07 09:28:47,061 [INFO] IPUIPlugin:80 - create IPUIPlugin
2025-06-07 09:28:47,061 [INFO] PluginManager:220 - loadIPPluginJar : add genericplugin
2025-06-07 09:28:47,233 [INFO] IPUIPlugin:80 - create IPUIPlugin
2025-06-07 09:28:47,234 [INFO] PluginManager:220 - loadIPPluginJar : add gfxmmu
2025-06-07 09:28:47,519 [INFO] IPUIPlugin:80 - create IPUIPlugin
2025-06-07 09:28:47,520 [INFO] PluginManager:220 - loadIPPluginJar : add gic
2025-06-07 09:28:47,582 [INFO] IPUIPlugin:80 - create IPUIPlugin
2025-06-07 09:28:47,582 [INFO] PluginManager:220 - loadIPPluginJar : add gpio
2025-06-07 09:28:47,741 [INFO] IPUIPlugin:80 - create IPUIPlugin
2025-06-07 09:28:47,741 [INFO] PluginManager:220 - loadIPPluginJar : add gtzc
2025-06-07 09:28:47,800 [INFO] IPUIPlugin:80 - create IPUIPlugin
2025-06-07 09:28:47,800 [INFO] PluginManager:220 - loadIPPluginJar : add hash
2025-06-07 09:28:47,890 [INFO] IPUIPlugin:80 - create IPUIPlugin
2025-06-07 09:28:47,890 [INFO] PluginManager:220 - loadIPPluginJar : add i2c
2025-06-07 09:28:47,955 [INFO] IPUIPlugin:80 - create IPUIPlugin
2025-06-07 09:28:47,956 [INFO] PluginManager:220 - loadIPPluginJar : add i2s
2025-06-07 09:28:48,030 [INFO] IPUIPlugin:80 - create IPUIPlugin
2025-06-07 09:28:48,030 [INFO] PluginManager:220 - loadIPPluginJar : add i3c
2025-06-07 09:28:48,202 [INFO] IPUIPlugin:80 - create IPUIPlugin
2025-06-07 09:28:48,202 [INFO] PluginManager:220 - loadIPPluginJar : add ipddr
2025-06-07 09:28:48,401 [INFO] IPUIPlugin:80 - create IPUIPlugin
2025-06-07 09:28:48,401 [INFO] PluginManager:220 - loadIPPluginJar : add linkedlist
2025-06-07 09:28:48,467 [INFO] IPUIPlugin:80 - create IPUIPlugin
2025-06-07 09:28:48,467 [INFO] PluginManager:220 - loadIPPluginJar : add lorawan
2025-06-07 09:28:48,524 [INFO] ThirdPartyUpdaterWithRetryManager:70 - Updater plugin not ready yet. [2/15]
2025-06-07 09:28:48,537 [INFO] IPUIPlugin:80 - create IPUIPlugin
2025-06-07 09:28:48,537 [INFO] PluginManager:220 - loadIPPluginJar : add ltdc
2025-06-07 09:28:48,559 [INFO] IPUIPlugin:80 - create IPUIPlugin
2025-06-07 09:28:48,559 [INFO] PluginManager:220 - loadIPPluginJar : add mdma
2025-06-07 09:28:48,582 [INFO] IPUIPlugin:80 - create IPUIPlugin
2025-06-07 09:28:48,583 [INFO] PluginManager:220 - loadIPPluginJar : add nvic
2025-06-07 09:28:48,647 [INFO] IPUIPlugin:80 - create IPUIPlugin
2025-06-07 09:28:48,647 [INFO] PluginManager:220 - loadIPPluginJar : add opamp
2025-06-07 09:28:48,754 [INFO] IPUIPlugin:80 - create IPUIPlugin
2025-06-07 09:28:48,754 [INFO] PluginManager:220 - loadIPPluginJar : add openamp
2025-06-07 09:28:48,830 [INFO] IPUIPlugin:80 - create IPUIPlugin
2025-06-07 09:28:48,831 [INFO] PluginManager:220 - loadIPPluginJar : add pdm2pcm
2025-06-07 09:28:48,852 [INFO] IPUIPlugin:80 - create IPUIPlugin
2025-06-07 09:28:48,856 [INFO] PluginManager:220 - loadIPPluginJar : add plateformsettings
2025-06-07 09:28:48,901 [INFO] IPUIPlugin:80 - create IPUIPlugin
2025-06-07 09:28:48,901 [INFO] PluginManager:220 - loadIPPluginJar : add quadspi
2025-06-07 09:28:48,954 [INFO] IPUIPlugin:80 - create IPUIPlugin
2025-06-07 09:28:48,957 [INFO] PluginManager:220 - loadIPPluginJar : add radio
2025-06-07 09:28:48,978 [INFO] IPUIPlugin:80 - create IPUIPlugin
2025-06-07 09:28:48,978 [INFO] PluginManager:220 - loadIPPluginJar : add resmgrutility
2025-06-07 09:28:49,056 [INFO] IPUIPlugin:80 - create IPUIPlugin
2025-06-07 09:28:49,056 [INFO] PluginManager:220 - loadIPPluginJar : add sai
2025-06-07 09:28:49,119 [INFO] IPUIPlugin:80 - create IPUIPlugin
2025-06-07 09:28:49,120 [INFO] PluginManager:220 - loadIPPluginJar : add spi
2025-06-07 09:28:49,247 [INFO] IPUIPlugin:80 - create IPUIPlugin
2025-06-07 09:28:49,247 [INFO] PluginManager:220 - loadIPPluginJar : add stm32_wpan
2025-06-07 09:28:49,316 [INFO] IPUIPlugin:80 - create IPUIPlugin
2025-06-07 09:28:49,316 [INFO] PluginManager:220 - loadIPPluginJar : add tim
2025-06-07 09:28:49,420 [INFO] IPUIPlugin:80 - create IPUIPlugin
2025-06-07 09:28:49,420 [INFO] PluginManager:220 - loadIPPluginJar : add touchsensing
2025-06-07 09:28:49,458 [INFO] IPUIPlugin:80 - create IPUIPlugin
2025-06-07 09:28:49,458 [INFO] PluginManager:220 - loadIPPluginJar : add tracer_emb
2025-06-07 09:28:49,503 [INFO] IPUIPlugin:80 - create IPUIPlugin
2025-06-07 09:28:49,504 [INFO] PluginManager:220 - loadIPPluginJar : add ts
2025-06-07 09:28:49,543 [INFO] IPUIPlugin:80 - create IPUIPlugin
2025-06-07 09:28:49,544 [INFO] PluginManager:220 - loadIPPluginJar : add tsc
2025-06-07 09:28:49,584 [INFO] IPUIPlugin:80 - create IPUIPlugin
2025-06-07 09:28:49,584 [INFO] PluginManager:220 - loadIPPluginJar : add ucpd
2025-06-07 09:28:49,656 [INFO] IPUIPlugin:80 - create IPUIPlugin
2025-06-07 09:28:49,656 [INFO] PluginManager:220 - loadIPPluginJar : add usart
2025-06-07 09:28:49,729 [INFO] IPUIPlugin:80 - create IPUIPlugin
2025-06-07 09:28:49,729 [INFO] PluginManager:220 - loadIPPluginJar : add usbx
2025-06-07 09:28:49,892 [FATAL] Updater:351 - Updater called before beeing initialized
2025-06-07 09:28:49,946 [INFO] RulesReader:64 - Compatibility file has been processed (302 Rules)
2025-06-07 09:28:49,969 [INFO] RulesReader:64 - Compatibility file has been processed (302 Rules)
2025-06-07 09:28:49,982 [INFO] CADModel:165 - CPN selected for project level
2025-06-07 09:28:49,982 [INFO] CADModel:114 - Register for checkConnection events
2025-06-07 09:28:49,982 [FATAL] Updater:351 - Updater called before beeing initialized
2025-06-07 09:28:49,983 [ERROR] CADModel:125 - Updater not yet initialized, retry later 
2025-06-07 09:28:50,202 [FATAL] Updater:351 - Updater called before beeing initialized
2025-06-07 09:28:50,205 [INFO] CADModel:165 - CPN selected for project level
2025-06-07 09:28:50,205 [INFO] CADModel:114 - Register for checkConnection events
2025-06-07 09:28:50,206 [FATAL] Updater:351 - Updater called before beeing initialized
2025-06-07 09:28:50,206 [ERROR] CADModel:125 - Updater not yet initialized, retry later 
2025-06-07 09:28:50,213 [FATAL] Updater:351 - Updater called before beeing initialized
2025-06-07 09:28:50,409 [FATAL] Updater:351 - Updater called before beeing initialized
2025-06-07 09:28:50,428 [INFO] DbMcusAds:53 - JSON generation date=Wed May 07 11:07:55 CEST 2025 (1746608875679)
2025-06-07 09:28:50,429 [FATAL] Updater:351 - Updater called before beeing initialized
2025-06-07 09:28:50,489 [WARN] DetailPanel:346 - Failed to get advertising image, set to default
2025-06-07 09:28:50,798 [FATAL] Updater:351 - Updater called before beeing initialized
2025-06-07 09:28:50,802 [FATAL] Updater:351 - Updater called before beeing initialized
2025-06-07 09:28:50,802 [FATAL] Updater:351 - Updater called before beeing initialized
2025-06-07 09:28:50,802 [WARN] DetailPanel:346 - Failed to get advertising image, set to default
2025-06-07 09:28:50,804 [FATAL] Updater:351 - Updater called before beeing initialized
2025-06-07 09:28:50,909 [ERROR] Updater:1198 - MainUpdater not yet initialized. External WinMGr cannot be set.
2025-06-07 09:28:50,924 [INFO] Updater:1134 - Updater Version found : 6.14.1
2025-06-07 09:28:50,957 [INFO] ApplicationProperties:184 - Using Application install path: C:\ST\STM32CubeIDE_1.13.1\STM32CubeIDE\plugins\com.st.stm32cube.common.mx_6.14.1.202504091515
2025-06-07 09:28:51,524 [INFO] MainUpdater:2872 - connection check result : 10
2025-06-07 09:28:51,525 [INFO] ThirdPartyUpdaterWithRetryManager:70 - Updater plugin not ready yet. [3/15]
2025-06-07 09:28:51,525 [INFO] MainUpdater:289 - Updater Check For Update Now.
2025-06-07 09:28:51,525 [INFO] MicroXplorer:498 - Change Database Version : DB.6.0.141
2025-06-07 09:28:51,560 [INFO] McuFinderGlobals:63 - Set McuFinder mode to 2 (CubeIDE integrated)
2025-06-07 09:28:51,577 [INFO] UserAuth:484 - Internet connection configuration mode: 1
2025-06-07 09:28:51,647 [INFO] JxBrowserEngine:152 - Initiate JxBrowser Engine with user profile folder
2025-06-07 09:28:51,836 [INFO] CheckServerUpdateThread:120 - End of CheckServer Thread
2025-06-07 09:28:54,951 [INFO] WebApp:169 - Instantiating new browser for Auth
2025-06-07 09:28:55,034 [WARN] PackLoader:240 - Cannot read IP mode file for STMicroelectronics.FP-SNS-MOTENVWB1.1.4.0
2025-06-07 09:28:55,068 [WARN] PackLoader:240 - Cannot read IP mode file for STMicroelectronics.FP-ATR-ASTRA1.2.0.2
2025-06-07 09:28:55,101 [WARN] PackLoader:240 - Cannot read IP mode file for STMicroelectronics.FP-ATR-ASTRA1.2.0.1
2025-06-07 09:28:55,141 [WARN] PackLoader:240 - Cannot read IP mode file for STMicroelectronics.X-CUBE-SMBUS.2.1.0
2025-06-07 09:28:55,173 [WARN] PackLoader:240 - Cannot read IP mode file for STMicroelectronics.X-CUBE-WB05N.1.1.0
2025-06-07 09:28:55,212 [WARN] PackLoader:240 - Cannot read IP mode file for STMicroelectronics.X-CUBE-ST60.1.0.0
2025-06-07 09:28:55,257 [WARN] PackLoader:240 - Cannot read IP mode file for STMicroelectronics.X-CUBE-TOUCHGFX.4.23.0
2025-06-07 09:28:55,363 [WARN] PackLoader:240 - Cannot read IP mode file for STMicroelectronics.X-CUBE-AZRTOS-F7.1.1.0
2025-06-07 09:28:55,394 [WARN] PackLoader:240 - Cannot read IP mode file for STMicroelectronics.FP-SNS-MOTENV1.4.3.2
2025-06-07 09:28:55,421 [WARN] PackLoader:240 - Cannot read IP mode file for STMicroelectronics.FP-SNS-FLIGHT1.5.0.2
2025-06-07 09:28:55,451 [WARN] PackLoader:240 - Cannot read IP mode file for STMicroelectronics.X-CUBE-DISPLAY.3.0.0
2025-06-07 09:28:55,486 [WARN] PackLoader:240 - Cannot read IP mode file for STMicroelectronics.X-CUBE-BLE1.7.0.0
2025-06-07 09:28:55,513 [WARN] PackLoader:240 - Cannot read IP mode file for STMicroelectronics.X-CUBE-NFC10.1.0.0
2025-06-07 09:28:55,548 [WARN] PackLoader:240 - Cannot read IP mode file for STMicroelectronics.X-CUBE-BLEMGR.4.0.0
2025-06-07 09:28:55,638 [WARN] PackLoader:240 - Cannot read IP mode file for emotas.I-CUBE-CANOPEN.1.3.0
2025-06-07 09:28:55,667 [WARN] PackLoader:240 - Cannot read IP mode file for STMicroelectronics.X-CUBE-TOUCHGFX.4.22.0
2025-06-07 09:28:55,691 [WARN] PackLoader:240 - Cannot read IP mode file for STMicroelectronics.X-CUBE-TOUCHGFX.4.22.1
2025-06-07 09:28:55,737 [WARN] PackLoader:240 - Cannot read IP mode file for STMicroelectronics.X-CUBE-BLEMGR.3.1.0
2025-06-07 09:28:55,771 [WARN] PackLoader:240 - Cannot read IP mode file for STMicroelectronics.X-CUBE-AI.10.0.0
2025-06-07 09:28:55,802 [WARN] PackLoader:240 - Cannot read IP mode file for STMicroelectronics.FP-SNS-SMARTAG2.1.2.0
2025-06-07 09:28:55,826 [WARN] PackLoader:240 - Cannot read IP mode file for STMicroelectronics.FP-SNS-FLIGHT1.5.1.0
2025-06-07 09:28:55,933 [WARN] PackLoader:240 - Cannot read IP mode file for STMicroelectronics.X-CUBE-MEMS1.11.1.0
2025-06-07 09:28:56,396 [INFO] LogOutputStream:77 - [STDOUT_REDIRECT] 1 : Invalid condition id : UX_CORESTACK_Condition cause : null
2025-06-07 09:28:56,397 [INFO] LogOutputStream:77 - [STDOUT_REDIRECT] 1 : Invalid condition id : UX_CORESTACK_Condition cause : null
2025-06-07 09:28:56,398 [INFO] LogOutputStream:77 - [STDOUT_REDIRECT] 1 : Invalid condition id : UX_CORESTACK_Condition cause : null
2025-06-07 09:28:56,400 [INFO] LogOutputStream:77 - [STDOUT_REDIRECT] 1 : Invalid condition id : UX_CORESTACK_Condition cause : null
2025-06-07 09:28:56,402 [INFO] LogOutputStream:77 - [STDOUT_REDIRECT] 1 : Invalid condition id : UX_CORESTACK_Condition cause : null
2025-06-07 09:28:56,406 [WARN] PackLoader:240 - Cannot read IP mode file for STMicroelectronics.X-CUBE-AZRTOS-WL.2.0.0
2025-06-07 09:28:56,431 [WARN] PackLoader:240 - Cannot read IP mode file for STMicroelectronics.FP-SNS-MOTENV1.5.0.0
2025-06-07 09:28:56,454 [WARN] PackLoader:240 - Cannot read IP mode file for wolfSSL.I-CUBE-wolfMQTT.1.19.0
2025-06-07 09:28:56,487 [WARN] PackLoader:240 - Cannot read IP mode file for WES.I-CUBE-Cesium.1.3.0
2025-06-07 09:28:56,514 [WARN] PackLoader:240 - Cannot read IP mode file for STMicroelectronics.X-CUBE-BLE2.3.3.0
2025-06-07 09:28:56,581 [WARN] PackLoader:240 - Cannot read IP mode file for STMicroelectronics.X-CUBE-NFC9.1.0.0
2025-06-07 09:28:56,605 [WARN] PackLoader:240 - Cannot read IP mode file for STMicroelectronics.X-CUBE-BLE1.7.1.0
2025-06-07 09:28:56,630 [WARN] PackLoader:240 - Cannot read IP mode file for STMicroelectronics.X-CUBE-AI.10.1.0
2025-06-07 09:28:56,654 [WARN] PackLoader:240 - Cannot read IP mode file for STMicroelectronics.X-CUBE-ALGOBUILD.1.3.0
2025-06-07 09:28:56,745 [WARN] PackLoader:240 - Cannot read IP mode file for STMicroelectronics.X-CUBE-MEMS1.11.2.0
2025-06-07 09:28:56,898 [WARN] PackLoader:240 - Cannot read IP mode file for STMicroelectronics.X-CUBE-AZRTOS-G0.1.1.0
2025-06-07 09:28:56,925 [WARN] PackLoader:240 - Cannot read IP mode file for STMicroelectronics.X-CUBE-SAFEA1.1.2.2
2025-06-07 09:28:56,952 [WARN] PackLoader:240 - Cannot read IP mode file for STMicroelectronics.X-CUBE-NFC4.3.0.0
2025-06-07 09:28:56,987 [WARN] PackLoader:240 - Cannot read IP mode file for EmbeddedOffice.I-CUBE-FS-RTOS.1.0.1
2025-06-07 09:28:57,011 [WARN] PackLoader:240 - Cannot read IP mode file for STMicroelectronics.X-CUBE-WB05N.2.0.0
2025-06-07 09:28:57,095 [WARN] PackLoader:240 - Cannot read IP mode file for STMicroelectronics.X-CUBE-BLEMGR.3.0.0
2025-06-07 09:28:57,121 [WARN] PackLoader:240 - Cannot read IP mode file for STMicroelectronics.X-CUBE-TCPP.4.2.0
2025-06-07 09:28:57,145 [WARN] PackLoader:240 - Cannot read IP mode file for RealThread.X-CUBE-RT-Thread_Nano.4.1.1
2025-06-07 09:28:57,167 [WARN] PackLoader:240 - Cannot read IP mode file for STMicroelectronics.FP-ATR-SIGFOX1.3.2.0
2025-06-07 09:28:57,190 [WARN] ConditionMgr:438 - getConditionDescription Invalid condition id : Cortex-A Device cause : null
2025-06-07 09:28:57,229 [WARN] ConditionMgr:1044 - genDependencies : Invalid condition id : Cortex-A Device cause : null
2025-06-07 09:28:57,229 [WARN] ConditionMgr:1044 - genDependencies : Invalid condition id : Cortex-A Device cause : null
2025-06-07 09:28:57,229 [WARN] ConditionMgr:1044 - genDependencies : Invalid condition id : Cortex-A Device cause : null
2025-06-07 09:28:57,254 [WARN] PackLoader:240 - Cannot read IP mode file for STMicroelectronics.X-CUBE-EEPRMA1.5.1.0
2025-06-07 09:28:57,284 [WARN] PackLoader:240 - Cannot read IP mode file for STMicroelectronics.X-CUBE-ST67W61.1.0.0
2025-06-07 09:28:57,338 [WARN] PackLoader:240 - Cannot read IP mode file for SEGGER.I-CUBE-embOS.1.3.1
2025-06-07 09:28:57,405 [WARN] PackLoader:240 - Cannot read IP mode file for STMicroelectronics.X-CUBE-ALGOBUILD.1.4.0
2025-06-07 09:28:57,430 [WARN] PackLoader:240 - Cannot read IP mode file for STMicroelectronics.X-CUBE-GNSS1.6.0.0
2025-06-07 09:28:57,479 [WARN] PackLoader:240 - Cannot read IP mode file for STMicroelectronics.X-CUBE-AZRTOS-F4.1.1.0
2025-06-07 09:28:57,504 [WARN] PackLoader:240 - Cannot read IP mode file for wolfSSL.I-CUBE-wolfSSL.5.6.3
2025-06-07 09:28:57,537 [WARN] PackLoader:240 - Cannot read IP mode file for Avnet-IotConnect.X-CUBE-IoTC-DA16k-PMOD.1.0.0
2025-06-07 09:28:57,560 [WARN] PackLoader:240 - Cannot read IP mode file for STMicroelectronics.X-CUBE-ISPU.2.1.0
2025-06-07 09:28:57,604 [WARN] PackLoader:240 - Cannot read IP mode file for STMicroelectronics.X-CUBE-AZRTOS-L5.2.0.0
2025-06-07 09:28:57,732 [WARN] PackLoader:240 - Cannot read IP mode file for STMicroelectronics.X-CUBE-MEMS1.9.6.0
2025-06-07 09:28:57,893 [WARN] PackLoader:240 - Cannot read IP mode file for STMicroelectronics.X-CUBE-EEPRMA1.4.2.0
2025-06-07 09:28:57,968 [WARN] PackLoader:240 - Cannot read IP mode file for STMicroelectronics.X-CUBE-NFC6.3.1.0
2025-06-07 09:28:58,006 [WARN] PackLoader:240 - Cannot read IP mode file for ITTIA_DB.I-CUBE-ITTIADB.8.8.0
2025-06-07 09:28:58,033 [WARN] PackLoader:240 - Cannot read IP mode file for STMicroelectronics.X-CUBE-BLEMGR.2.0.0
2025-06-07 09:28:58,060 [WARN] PackLoader:240 - Cannot read IP mode file for STMicroelectronics.X-CUBE-DPower.1.2.0
2025-06-07 09:28:58,132 [WARN] ConditionMgr:438 - getConditionDescription Invalid condition id : UX DEVICE CLASS RTOS Condition cause : null
2025-06-07 09:28:58,133 [WARN] ConditionMgr:438 - getConditionDescription Invalid condition id : UX DEVICE CLASS RTOS Condition cause : null
2025-06-07 09:28:58,165 [WARN] PackLoader:240 - Cannot read IP mode file for STMicroelectronics.X-CUBE-AZRTOS-H7.3.1.0
2025-06-07 09:28:58,166 [WARN] ConditionMgr:1044 - genDependencies : Invalid condition id : UX DEVICE CLASS RTOS Condition cause : null
2025-06-07 09:28:58,166 [WARN] ConditionMgr:1044 - genDependencies : Invalid condition id : UX DEVICE CLASS RTOS Condition cause : null
2025-06-07 09:28:58,167 [WARN] ConditionMgr:1044 - genDependencies : Invalid condition id : UX DEVICE CLASS RTOS Condition cause : null
2025-06-07 09:28:58,168 [WARN] ConditionMgr:1044 - genDependencies : Invalid condition id : UX DEVICE CLASS RTOS Condition cause : null
2025-06-07 09:28:58,168 [WARN] ConditionMgr:1044 - genDependencies : Invalid condition id : UX DEVICE CLASS RTOS Condition cause : null
2025-06-07 09:28:58,192 [WARN] PackLoader:240 - Cannot read IP mode file for STMicroelectronics.X-CUBE-FREERTOS.1.3.1
2025-06-07 09:28:58,215 [WARN] PackLoader:240 - Cannot read IP mode file for STMicroelectronics.X-CUBE-FREERTOS.1.3.0
2025-06-07 09:28:58,239 [WARN] PackLoader:240 - Cannot read IP mode file for STMicroelectronics.X-CUBE-NFC7.1.0.1
2025-06-07 09:28:58,264 [WARN] PackLoader:240 - Cannot read IP mode file for STMicroelectronics.X-CUBE-NFC6.3.0.0
2025-06-07 09:28:58,294 [WARN] PackLoader:240 - Cannot read IP mode file for STMicroelectronics.X-CUBE-EEPRMA1.4.1.0
2025-06-07 09:28:58,318 [WARN] PackLoader:240 - Cannot read IP mode file for STMicroelectronics.X-CUBE-DPower.1.3.0
2025-06-07 09:28:58,363 [WARN] PackLoader:240 - Cannot read IP mode file for STMicroelectronics.X-CUBE-AI.8.1.0
2025-06-07 09:28:58,409 [WARN] ConditionMgr:438 - getConditionDescription Invalid condition id : LAN8742 Phy interface Condition cause : null
2025-06-07 09:28:58,410 [WARN] PackLoader:240 - Cannot read IP mode file for STMicroelectronics.X-CUBE-AZRTOS-L4.2.0.0
2025-06-07 09:28:58,412 [WARN] ConditionMgr:1044 - genDependencies : Invalid condition id : LAN8742 Phy interface Condition cause : null
2025-06-07 09:28:58,412 [WARN] ConditionMgr:1044 - genDependencies : Invalid condition id : LAN8742 Phy interface Condition cause : null
2025-06-07 09:28:58,413 [WARN] ConditionMgr:1044 - genDependencies : Invalid condition id : LAN8742 Phy interface Condition cause : null
2025-06-07 09:28:58,437 [WARN] PackLoader:240 - Cannot read IP mode file for STMicroelectronics.X-CUBE-SFXS2LP1.4.0.0
2025-06-07 09:28:58,458 [WARN] PackLoader:240 - Cannot read IP mode file for STMicroelectronics.X-CUBE-ISPU.1.1.0
2025-06-07 09:28:58,517 [WARN] PackLoader:240 - Cannot read IP mode file for STMicroelectronics.X-CUBE-AZRTOS-H7.3.3.0
2025-06-07 09:28:58,560 [WARN] ConditionMgr:438 - getConditionDescription Invalid condition id : UX DEVICE CLASS RTOS Condition cause : null
2025-06-07 09:28:58,561 [WARN] ConditionMgr:438 - getConditionDescription Invalid condition id : UX DEVICE CLASS RTOS Condition cause : null
2025-06-07 09:28:58,563 [WARN] PackLoader:240 - Cannot read IP mode file for STMicroelectronics.X-CUBE-AZRTOS-WB.2.0.0
2025-06-07 09:28:58,564 [WARN] ConditionMgr:1044 - genDependencies : Invalid condition id : UX DEVICE CLASS RTOS Condition cause : null
2025-06-07 09:28:58,564 [WARN] ConditionMgr:1044 - genDependencies : Invalid condition id : UX DEVICE CLASS RTOS Condition cause : null
2025-06-07 09:28:58,565 [WARN] ConditionMgr:1044 - genDependencies : Invalid condition id : UX DEVICE CLASS RTOS Condition cause : null
2025-06-07 09:28:58,565 [WARN] ConditionMgr:1044 - genDependencies : Invalid condition id : UX DEVICE CLASS RTOS Condition cause : null
2025-06-07 09:28:58,566 [WARN] ConditionMgr:1044 - genDependencies : Invalid condition id : UX DEVICE CLASS RTOS Condition cause : null
2025-06-07 09:28:58,593 [WARN] PackLoader:240 - Cannot read IP mode file for STMicroelectronics.X-CUBE-GNSS1.7.0.1
2025-06-07 09:28:58,616 [WARN] PackLoader:240 - Cannot read IP mode file for STMicroelectronics.X-CUBE-TOUCHGFX.4.25.0
2025-06-07 09:28:58,646 [WARN] PackLoader:240 - Cannot read IP mode file for STMicroelectronics.FP-SNS-STBOX1.2.0.0
2025-06-07 09:28:58,680 [WARN] PackLoader:240 - Cannot read IP mode file for STMicroelectronics.X-CUBE-SUBG2.5.0.0
2025-06-07 09:28:58,733 [WARN] PackLoader:240 - Cannot read IP mode file for STMicroelectronics.X-CUBE-AZRTOS-H7RS.1.1.0
2025-06-07 09:28:58,761 [WARN] PackLoader:240 - Cannot read IP mode file for Cesanta.I-CUBE-Mongoose.7.13.0
2025-06-07 09:28:58,792 [WARN] PackLoader:240 - Cannot read IP mode file for STMicroelectronics.X-CUBE-TOF1.3.3.1
2025-06-07 09:28:58,841 [INFO] WebApp:463 - Apply proxy settings
2025-06-07 09:28:58,842 [INFO] WebApp:548 - Chromium requires no authentication
2025-06-07 09:28:58,850 [WARN] PackLoader:240 - Cannot read IP mode file for STMicroelectronics.X-CUBE-AZRTOS-G4.2.0.0
2025-06-07 09:28:58,865 [INFO] WebApp:491 - Direct internet connection detected
2025-06-07 09:28:58,889 [WARN] PackLoader:240 - Cannot read IP mode file for Infineon.AIROC-Wi-Fi-Bluetooth-STM32.1.5.1
2025-06-07 09:28:58,918 [WARN] PackLoader:240 - Cannot read IP mode file for STMicroelectronics.FP-SNS-MOTENVWB1.1.3.0
2025-06-07 09:28:58,923 [INFO] WebApp:894 - Register for checkConnection events
2025-06-07 09:28:58,924 [INFO] WebApp:463 - Apply proxy settings
2025-06-07 09:28:58,924 [INFO] WebApp:548 - Chromium requires no authentication
2025-06-07 09:28:58,925 [INFO] WebApp:491 - Direct internet connection detected
2025-06-07 09:28:58,943 [WARN] PackLoader:240 - Cannot read IP mode file for STMicroelectronics.X-CUBE-NFC7.2.0.0
2025-06-07 09:28:58,967 [WARN] PackLoader:240 - Cannot read IP mode file for STMicroelectronics.FP-SNS-MOTENVWB1.1.3.1
2025-06-07 09:28:58,990 [WARN] PackLoader:240 - Cannot read IP mode file for STMicroelectronics.X-CUBE-ISPU.2.0.0
2025-06-07 09:28:59,021 [WARN] PackLoader:240 - Cannot read IP mode file for STMicroelectronics.X-CUBE-IPS.3.1.0
2025-06-07 09:28:59,052 [WARN] PackLoader:240 - Cannot read IP mode file for STMicroelectronics.X-CUBE-ALS.1.0.2
2025-06-07 09:28:59,119 [WARN] PackLoader:240 - Cannot read IP mode file for STMicroelectronics.X-CUBE-MEMS1.10.0.0
2025-06-07 09:28:59,237 [WARN] PackLoader:240 - Cannot read IP mode file for STMicroelectronics.X-CUBE-FREERTOS.1.1.0
2025-06-07 09:28:59,260 [WARN] PackLoader:240 - Cannot read IP mode file for STMicroelectronics.X-CUBE-TOUCHGFX.4.24.2
2025-06-07 09:28:59,283 [WARN] PackLoader:240 - Cannot read IP mode file for wolfSSL.I-CUBE-wolfTPM.3.4.0
2025-06-07 09:28:59,309 [WARN] PackLoader:240 - Cannot read IP mode file for portGmbH.I-Cube-SoM-uGOAL.1.1.0
2025-06-07 09:28:59,332 [WARN] PackLoader:240 - Cannot read IP mode file for STMicroelectronics.X-CUBE-ALS.1.0.1
2025-06-07 09:28:59,392 [WARN] PackLoader:240 - Cannot read IP mode file for STMicroelectronics.X-CUBE-AZRTOS-H7RS.1.0.0
2025-06-07 09:28:59,404 [INFO] WebApp:225 - Starting web application
2025-06-07 09:28:59,404 [INFO] WebApp:593 - Web application path used C:\ST\STM32CubeIDE_1.13.1\STM32CubeIDE\plugins\com.st.stm32cube.common.mx_6.14.1.202504091515\db\plugins\mcufinder\reactClient1\index.html
2025-06-07 09:28:59,420 [WARN] PackLoader:240 - Cannot read IP mode file for STMicroelectronics.FP-ATR-ASTRA1.2.0.0
2025-06-07 09:28:59,451 [WARN] PackLoader:240 - Cannot read IP mode file for STMicroelectronics.X-CUBE-TOF1.3.4.2
2025-06-07 09:28:59,494 [WARN] PackLoader:240 - Cannot read IP mode file for STMicroelectronics.X-CUBE-TOF1.3.4.3
2025-06-07 09:28:59,533 [WARN] PackLoader:240 - Cannot read IP mode file for STMicroelectronics.X-CUBE-TOF1.3.4.0
2025-06-07 09:28:59,588 [WARN] PackLoader:240 - Cannot read IP mode file for STMicroelectronics.X-CUBE-AZRTOS-H7.3.2.0
2025-06-07 09:28:59,614 [WARN] PackLoader:240 - Cannot read IP mode file for wolfSSL.I-CUBE-wolfSSH.1.4.17
2025-06-07 09:28:59,615 [INFO] ThirdParty:978 - Integrity check success = true
2025-06-07 09:28:59,616 [INFO] IntegrityCheckThread:100 - exiting critical section [integrity check]
2025-06-07 09:28:59,616 [INFO] IntegrityCheckThread:103 - End integrity checks thread
2025-06-07 09:28:59,827 [INFO] UserAuth:484 - Internet connection configuration mode: 1
2025-06-07 09:29:01,360 [INFO] WebApp:191 - Connection restablished
2025-06-07 09:31:10,873 [ERROR] LogOutputStream:75 - [STDERR_REDIRECT] org.eclipse.core.commands.NotEnabledException: Trying to execute the disabled command com.st.stm32cube.ide.mcu.debug.swv.core.start_trace
2025-06-07 09:31:10,880 [ERROR] LogOutputStream:75 - [STDERR_REDIRECT] 	at org.eclipse.core.commands.Command.executeWithChecks(Command.java:479)
2025-06-07 09:31:10,888 [ERROR] LogOutputStream:75 - [STDERR_REDIRECT] 	at org.eclipse.core.commands.ParameterizedCommand.executeWithChecks(ParameterizedCommand.java:485)
2025-06-07 09:31:10,892 [ERROR] LogOutputStream:75 - [STDERR_REDIRECT] 	at org.eclipse.e4.core.commands.internal.HandlerServiceImpl.executeHandler(HandlerServiceImpl.java:204)
2025-06-07 09:31:10,897 [ERROR] LogOutputStream:75 - [STDERR_REDIRECT] 	at org.eclipse.ui.internal.handlers.LegacyHandlerService.executeCommand(LegacyHandlerService.java:385)
2025-06-07 09:31:10,905 [ERROR] LogOutputStream:75 - [STDERR_REDIRECT] 	at org.eclipse.ui.internal.handlers.LegacyHandlerService.executeCommand(LegacyHandlerService.java:362)
2025-06-07 09:31:10,910 [ERROR] LogOutputStream:75 - [STDERR_REDIRECT] 	at com.st.stm32cube.ide.mcu.debug.swv.core.ui.SWVView$OpenConfigAction.run(SWVView.java:86)
2025-06-07 09:31:10,912 [ERROR] LogOutputStream:75 - [STDERR_REDIRECT] 	at org.eclipse.jface.action.Action.runWithEvent(Action.java:474)
2025-06-07 09:31:10,915 [ERROR] LogOutputStream:75 - [STDERR_REDIRECT] 	at org.eclipse.jface.action.ActionContributionItem.handleWidgetSelection(ActionContributionItem.java:581)
2025-06-07 09:31:10,919 [ERROR] LogOutputStream:75 - [STDERR_REDIRECT] 	at org.eclipse.jface.action.ActionContributionItem.lambda$5(ActionContributionItem.java:454)
2025-06-07 09:31:10,920 [ERROR] LogOutputStream:75 - [STDERR_REDIRECT] 	at org.eclipse.swt.widgets.EventTable.sendEvent(EventTable.java:91)
2025-06-07 09:31:10,922 [ERROR] LogOutputStream:75 - [STDERR_REDIRECT] 	at org.eclipse.swt.widgets.Display.sendEvent(Display.java:4326)
2025-06-07 09:31:10,923 [ERROR] LogOutputStream:75 - [STDERR_REDIRECT] 	at org.eclipse.swt.widgets.Widget.sendEvent(Widget.java:1174)
2025-06-07 09:31:10,924 [ERROR] LogOutputStream:75 - [STDERR_REDIRECT] 	at org.eclipse.swt.widgets.Display.runDeferredEvents(Display.java:4124)
2025-06-07 09:31:10,927 [ERROR] LogOutputStream:75 - [STDERR_REDIRECT] 	at org.eclipse.swt.widgets.Display.readAndDispatch(Display.java:3712)
2025-06-07 09:31:10,929 [ERROR] LogOutputStream:75 - [STDERR_REDIRECT] 	at org.eclipse.e4.ui.internal.workbench.swt.PartRenderingEngine$5.run(PartRenderingEngine.java:1151)
2025-06-07 09:31:10,931 [ERROR] LogOutputStream:75 - [STDERR_REDIRECT] 	at org.eclipse.core.databinding.observable.Realm.runWithDefault(Realm.java:339)
2025-06-07 09:31:10,933 [ERROR] LogOutputStream:75 - [STDERR_REDIRECT] 	at org.eclipse.e4.ui.internal.workbench.swt.PartRenderingEngine.run(PartRenderingEngine.java:1042)
2025-06-07 09:31:10,936 [ERROR] LogOutputStream:75 - [STDERR_REDIRECT] 	at org.eclipse.e4.ui.internal.workbench.E4Workbench.createAndRunUI(E4Workbench.java:153)
2025-06-07 09:31:10,937 [ERROR] LogOutputStream:75 - [STDERR_REDIRECT] 	at org.eclipse.ui.internal.Workbench.lambda$3(Workbench.java:639)
2025-06-07 09:31:10,939 [ERROR] LogOutputStream:75 - [STDERR_REDIRECT] 	at org.eclipse.core.databinding.observable.Realm.runWithDefault(Realm.java:339)
2025-06-07 09:31:10,941 [ERROR] LogOutputStream:75 - [STDERR_REDIRECT] 	at org.eclipse.ui.internal.Workbench.createAndRunWorkbench(Workbench.java:546)
2025-06-07 09:31:10,943 [ERROR] LogOutputStream:75 - [STDERR_REDIRECT] 	at org.eclipse.ui.PlatformUI.createAndRunWorkbench(PlatformUI.java:173)
2025-06-07 09:31:10,944 [ERROR] LogOutputStream:75 - [STDERR_REDIRECT] 	at org.eclipse.ui.internal.ide.application.IDEApplication.start(IDEApplication.java:152)
2025-06-07 09:31:10,946 [ERROR] LogOutputStream:75 - [STDERR_REDIRECT] 	at org.eclipse.equinox.internal.app.EclipseAppHandle.run(EclipseAppHandle.java:208)
2025-06-07 09:31:10,947 [ERROR] LogOutputStream:75 - [STDERR_REDIRECT] 	at org.eclipse.core.runtime.internal.adaptor.EclipseAppLauncher.runApplication(EclipseAppLauncher.java:143)
2025-06-07 09:31:10,950 [ERROR] LogOutputStream:75 - [STDERR_REDIRECT] 	at org.eclipse.core.runtime.internal.adaptor.EclipseAppLauncher.start(EclipseAppLauncher.java:109)
2025-06-07 09:31:10,952 [ERROR] LogOutputStream:75 - [STDERR_REDIRECT] 	at org.eclipse.core.runtime.adaptor.EclipseStarter.run(EclipseStarter.java:439)
2025-06-07 09:31:10,953 [ERROR] LogOutputStream:75 - [STDERR_REDIRECT] 	at org.eclipse.core.runtime.adaptor.EclipseStarter.run(EclipseStarter.java:271)
2025-06-07 09:31:10,955 [ERROR] LogOutputStream:75 - [STDERR_REDIRECT] 	at java.base/jdk.internal.reflect.DirectMethodHandleAccessor.invoke(DirectMethodHandleAccessor.java:103)
2025-06-07 09:31:10,956 [ERROR] LogOutputStream:75 - [STDERR_REDIRECT] 	at java.base/java.lang.reflect.Method.invoke(Method.java:580)
2025-06-07 09:31:10,958 [ERROR] LogOutputStream:75 - [STDERR_REDIRECT] 	at org.eclipse.equinox.launcher.Main.invokeFramework(Main.java:668)
2025-06-07 09:31:10,960 [ERROR] LogOutputStream:75 - [STDERR_REDIRECT] 	at org.eclipse.equinox.launcher.Main.basicRun(Main.java:605)
2025-06-07 09:31:10,961 [ERROR] LogOutputStream:75 - [STDERR_REDIRECT] 	at org.eclipse.equinox.launcher.Main.run(Main.java:1481)
2025-06-07 09:36:07,156 [INFO] LogOutputStream:77 - [STDOUT_REDIRECT] StartTraceHandler.execute(), success : Collect=false
2025-06-07 09:36:31,299 [INFO] LogOutputStream:77 - [STDOUT_REDIRECT] StartTraceHandler.execute(), success : Collect=true
2025-06-07 09:42:40,991 [ERROR] LogOutputStream:75 - [STDERR_REDIRECT] 
2025-06-07 11:14:34,077 [INFO] Activator:176 - 


2025-06-07 11:14:34,081 [INFO] Activator:177 - !SESSION log4j initialized
2025-06-07 11:14:42,038 [INFO] LogOutputStream:77 - [STDOUT_REDIRECT] 
2025-06-07 11:14:47,064 [INFO] ApplicationProperties:184 - Using Application install path: C:\ST\STM32CubeIDE_1.13.1\STM32CubeIDE\plugins\com.st.stm32cube.common.mx_6.14.1.202504091515
2025-06-07 11:14:47,095 [INFO] DbMcusXml:78 - Set database path to: C:\ST\STM32CubeIDE_1.13.1\STM32CubeIDE\plugins\com.st.stm32cube.common.mx_6.14.1.202504091515\\db\/mcu/
2025-06-07 11:14:47,095 [INFO] ApiDb:274 - Set plugin database path to: C:\ST\STM32CubeIDE_1.13.1\STM32CubeIDE\plugins\com.st.stm32cube.common.mx_6.14.1.202504091515\\db\/plugins/boardmanager/
2025-06-07 11:14:47,097 [WARN] ApiDb:259 - Overriding images path with different value:  => C:\ST\STM32CubeIDE_1.13.1\STM32CubeIDE\plugins\com.st.stm32cube.common.mx_6.14.1.202504091515\\db\/plugins/mcufinder/images/
2025-06-07 11:14:47,112 [INFO] ApiDb:250 - Set database path to: C:\Users\amozd\.stmcufinder\plugins\mcufinder//mcu/
2025-06-07 11:14:47,113 [INFO] DbMcusAds:125 - Set database path to: C:\Users\amozd\.stmcufinder\plugins\mcufinder//mcu/
2025-06-07 11:14:47,118 [INFO] CrossReferenceDbSqlite:203 - Set database path to: C:\Users\amozd\.stmcufinder\plugins\mcufinder//mcu/cs/
2025-06-07 11:14:47,332 [INFO] RulesReader:64 - Compatibility file has been processed (302 Rules)
2025-06-07 11:14:47,482 [INFO] DbMcusXml:78 - Set database path to: C:\ST\STM32CubeIDE_1.13.1\STM32CubeIDE\plugins\com.st.stm32cube.common.mx_6.14.1.202504091515\\db\/mcu/
2025-06-07 11:14:47,482 [INFO] ApiDb:274 - Set plugin database path to: C:\ST\STM32CubeIDE_1.13.1\STM32CubeIDE\plugins\com.st.stm32cube.common.mx_6.14.1.202504091515\\db\/plugins/boardmanager/
2025-06-07 11:14:47,482 [INFO] ApiDb:261 - Set plugin images path to: C:\ST\STM32CubeIDE_1.13.1\STM32CubeIDE\plugins\com.st.stm32cube.common.mx_6.14.1.202504091515\\db\/plugins/mcufinder/images/
2025-06-07 11:14:47,484 [WARN] DbFile:41 - Overriding database path with different value: C:\Users\amozd\.stmcufinder\plugins\mcufinder/ => C:\Users\amozd\.stmcufinder\plugins\mcufinder
2025-06-07 11:14:47,484 [INFO] ApiDb:250 - Set database path to: C:\Users\amozd\.stmcufinder\plugins\mcufinder//mcu/
2025-06-07 11:14:47,484 [WARN] DbFile:41 - Overriding database path with different value: C:\Users\amozd\.stmcufinder\plugins\mcufinder/ => C:\Users\amozd\.stmcufinder\plugins\mcufinder
2025-06-07 11:14:47,484 [INFO] DbMcusAds:125 - Set database path to: C:\Users\amozd\.stmcufinder\plugins\mcufinder//mcu/
2025-06-07 11:14:47,484 [WARN] DbFile:41 - Overriding database path with different value: C:\Users\amozd\.stmcufinder\plugins\mcufinder/ => C:\Users\amozd\.stmcufinder\plugins\mcufinder
2025-06-07 11:14:47,484 [WARN] DbFile:41 - Overriding database path with different value: C:\Users\amozd\.stmcufinder\plugins\mcufinder/ => C:\Users\amozd\.stmcufinder\plugins\mcufinder
2025-06-07 11:14:47,484 [INFO] CrossReferenceDbSqlite:203 - Set database path to: C:\Users\amozd\.stmcufinder\plugins\mcufinder//mcu/cs/
2025-06-07 11:14:47,621 [INFO] MainPanel:272 - HeapMemory: 268435456
2025-06-07 11:14:47,880 [INFO] DbMcusXml:78 - Set database path to: C:\ST\STM32CubeIDE_1.13.1\STM32CubeIDE\plugins\com.st.stm32cube.common.mx_6.14.1.202504091515\\db\/mcu/
2025-06-07 11:14:47,880 [INFO] ApiDb:274 - Set plugin database path to: C:\ST\STM32CubeIDE_1.13.1\STM32CubeIDE\plugins\com.st.stm32cube.common.mx_6.14.1.202504091515\\db\/plugins/boardmanager/
2025-06-07 11:14:47,881 [INFO] ApiDb:261 - Set plugin images path to: C:\ST\STM32CubeIDE_1.13.1\STM32CubeIDE\plugins\com.st.stm32cube.common.mx_6.14.1.202504091515\\db\/plugins/mcufinder/images/
2025-06-07 11:14:47,881 [WARN] DbFile:41 - Overriding database path with different value: C:\Users\amozd\.stmcufinder\plugins\mcufinder/ => C:\Users\amozd\.stmcufinder\plugins\mcufinder
2025-06-07 11:14:47,881 [INFO] ApiDb:250 - Set database path to: C:\Users\amozd\.stmcufinder\plugins\mcufinder//mcu/
2025-06-07 11:14:47,881 [WARN] DbFile:41 - Overriding database path with different value: C:\Users\amozd\.stmcufinder\plugins\mcufinder/ => C:\Users\amozd\.stmcufinder\plugins\mcufinder
2025-06-07 11:14:47,881 [INFO] DbMcusAds:125 - Set database path to: C:\Users\amozd\.stmcufinder\plugins\mcufinder//mcu/
2025-06-07 11:14:47,881 [WARN] DbFile:41 - Overriding database path with different value: C:\Users\amozd\.stmcufinder\plugins\mcufinder/ => C:\Users\amozd\.stmcufinder\plugins\mcufinder
2025-06-07 11:14:47,881 [WARN] DbFile:41 - Overriding database path with different value: C:\Users\amozd\.stmcufinder\plugins\mcufinder/ => C:\Users\amozd\.stmcufinder\plugins\mcufinder
2025-06-07 11:14:47,883 [INFO] CrossReferenceDbSqlite:203 - Set database path to: C:\Users\amozd\.stmcufinder\plugins\mcufinder//mcu/cs/
2025-06-07 11:14:47,914 [INFO] ApplicationProperties:184 - Using Application install path: C:\ST\STM32CubeIDE_1.13.1\STM32CubeIDE\plugins\com.st.stm32cube.common.mx_6.14.1.202504091515
2025-06-07 11:14:47,918 [INFO] PluginManage:196 - Search for loadable plugins [exclusion list=, ]
2025-06-07 11:14:47,920 [INFO] PluginManage:310 - Check plugin analytics
2025-06-07 11:14:48,257 [INFO] AnalyticsPlugin:253 - Accepted Software Licenses: 
2025-06-07 11:14:48,257 [INFO] AnalyticsPlugin:255 - Accepted CMSIS Pack Licenses: 
2025-06-07 11:14:48,257 [INFO] AnalyticsPlugin:257 - Accepted Firmware Licenses: FW.F4.1.27.0
2025-06-07 11:14:48,264 [INFO] PluginManage:359 - Loaded plugin analytics (category:tool,tabindex:-1)
2025-06-07 11:14:48,266 [INFO] PluginManage:310 - Check plugin cadmodel
2025-06-07 11:14:48,297 [INFO] CADModel:105 - Init CAD model plugin
2025-06-07 11:14:48,298 [INFO] PluginManage:359 - Loaded plugin cadmodel (category:power,tabindex:5)
2025-06-07 11:14:48,298 [INFO] PluginManage:310 - Check plugin clock
2025-06-07 11:14:48,334 [INFO] PluginManage:359 - Loaded plugin clock (category:base,tabindex:2)
2025-06-07 11:14:48,334 [INFO] PluginManage:310 - Check plugin ddr
2025-06-07 11:14:48,338 [INFO] PluginManage:359 - Loaded plugin ddr (category:tool,tabindex:6)
2025-06-07 11:14:48,338 [INFO] PluginManage:310 - Check plugin filemanager
2025-06-07 11:14:48,577 [INFO] PluginManage:359 - Loaded plugin filemanager (category:base,tabindex:10)
2025-06-07 11:14:48,577 [INFO] PluginManage:310 - Check plugin ipmanager
2025-06-07 11:14:48,587 [INFO] PluginManage:359 - Loaded plugin ipmanager (category:base,tabindex:5)
2025-06-07 11:14:48,588 [INFO] PluginManage:310 - Check plugin lpbam
2025-06-07 11:14:48,619 [INFO] PluginManage:359 - Loaded plugin lpbam (category:base,tabindex:0)
2025-06-07 11:14:48,622 [INFO] PluginManage:310 - Check plugin memorymap
2025-06-07 11:14:48,665 [INFO] PluginManage:359 - Loaded plugin memorymap (category:base,tabindex:4)
2025-06-07 11:14:48,666 [INFO] PluginManage:310 - Check plugin pinoutandconfiguration
2025-06-07 11:14:48,701 [INFO] PluginManage:359 - Loaded plugin pinoutandconfiguration (category:base,tabindex:1)
2025-06-07 11:14:48,701 [INFO] PluginManage:310 - Check plugin pinoutconfig
2025-06-07 11:14:48,874 [WARN] SupportedApi:132 - Cannot load RTOS API schema: s4s-elt-must-match.1: The content of 'definitions' must match (annotation?, (simpleType | complexType)?, (unique | key | keyref)*)). A problem was found starting at: attribute.
2025-06-07 11:14:49,114 [INFO] PluginManage:359 - Loaded plugin pinoutconfig (category:base,tabindex:0)
2025-06-07 11:14:49,114 [INFO] PluginManage:310 - Check plugin power
2025-06-07 11:14:49,155 [INFO] PluginManage:359 - Loaded plugin power (category:power,tabindex:4)
2025-06-07 11:14:49,155 [INFO] PluginManage:310 - Check plugin projectmanager
2025-06-07 11:14:49,184 [INFO] PluginManage:359 - Loaded plugin projectmanager (category:projectmanager,tabindex:4)
2025-06-07 11:14:49,184 [INFO] PluginManage:310 - Check plugin rif
2025-06-07 11:14:49,216 [INFO] PluginManage:359 - Loaded plugin rif (category:base,tabindex:3)
2025-06-07 11:14:49,216 [INFO] PluginManage:310 - Check plugin thirdparty
2025-06-07 11:14:49,739 [INFO] PluginManage:359 - Loaded plugin thirdparty (category:base,tabindex:-1)
2025-06-07 11:14:49,739 [INFO] PluginManage:310 - Check plugin tools
2025-06-07 11:14:49,739 [WARN] IntegrityCheckThread:84 - waiting for thirdparty lock release [integrity check]
2025-06-07 11:14:49,739 [INFO] IntegrityCheckThread:86 - entering critical section [integrity check]
2025-06-07 11:14:49,741 [INFO] ThirdPartyUpdaterWithRetryManager:70 - Updater plugin not ready yet. [1/15]
2025-06-07 11:14:49,828 [INFO] PluginManage:359 - Loaded plugin tools (category:base,tabindex:7)
2025-06-07 11:14:49,828 [INFO] PluginManage:310 - Check plugin tutovideos
2025-06-07 11:14:50,181 [INFO] PluginManage:359 - Loaded plugin tutovideos (category:base,tabindex:-1)
2025-06-07 11:14:50,181 [INFO] PluginManage:310 - Check plugin updater
2025-06-07 11:14:50,215 [INFO] PluginManage:359 - Loaded plugin updater (category:base,tabindex:12)
2025-06-07 11:14:50,217 [INFO] PluginManage:310 - Check plugin userauth
2025-06-07 11:14:50,224 [INFO] UserAuth:118 - Init User Auth plugin
2025-06-07 11:14:50,225 [INFO] PluginManage:359 - Loaded plugin userauth (category:base,tabindex:14)
2025-06-07 11:14:50,227 [INFO] PluginManage:283 - PluginManage : Loaded plugins [18]
2025-06-07 11:14:50,626 [INFO] PinOutPanel:1589 - setPackage(No Configuration,No Configuration)
2025-06-07 11:14:50,771 [INFO] CADModel:165 - CPN selected for project level
2025-06-07 11:14:50,771 [INFO] CADModel:114 - Register for checkConnection events
2025-06-07 11:14:50,823 [INFO] IPUIPlugin:80 - create IPUIPlugin
2025-06-07 11:14:50,823 [INFO] PluginManager:220 - loadIPPluginJar : add adc
2025-06-07 11:14:50,917 [INFO] IPUIPlugin:80 - create IPUIPlugin
2025-06-07 11:14:50,917 [INFO] PluginManager:220 - loadIPPluginJar : add aes
2025-06-07 11:14:51,020 [INFO] IPUIPlugin:80 - create IPUIPlugin
2025-06-07 11:14:51,020 [INFO] PluginManager:220 - loadIPPluginJar : add can
2025-06-07 11:14:51,085 [INFO] IPUIPlugin:80 - create IPUIPlugin
2025-06-07 11:14:51,085 [INFO] PluginManager:220 - loadIPPluginJar : add comp
2025-06-07 11:14:51,173 [INFO] IPUIPlugin:80 - create IPUIPlugin
2025-06-07 11:14:51,173 [INFO] PluginManager:220 - loadIPPluginJar : add cryp
2025-06-07 11:14:51,199 [INFO] IPUIPlugin:80 - create IPUIPlugin
2025-06-07 11:14:51,201 [INFO] PluginManager:220 - loadIPPluginJar : add ddr_ctrl_phy
2025-06-07 11:14:51,277 [INFO] IPUIPlugin:80 - create IPUIPlugin
2025-06-07 11:14:51,277 [INFO] PluginManager:220 - loadIPPluginJar : add dfsdm
2025-06-07 11:14:51,306 [INFO] IPUIPlugin:80 - create IPUIPlugin
2025-06-07 11:14:51,308 [INFO] PluginManager:220 - loadIPPluginJar : add dma
2025-06-07 11:14:51,411 [INFO] IPUIPlugin:80 - create IPUIPlugin
2025-06-07 11:14:51,411 [INFO] PluginManager:220 - loadIPPluginJar : add dma3
2025-06-07 11:14:51,522 [INFO] IPUIPlugin:80 - create IPUIPlugin
2025-06-07 11:14:51,522 [INFO] PluginManager:220 - loadIPPluginJar : add extmemmanager
2025-06-07 11:14:51,571 [INFO] IPUIPlugin:80 - create IPUIPlugin
2025-06-07 11:14:51,571 [INFO] PluginManager:220 - loadIPPluginJar : add fatfs
2025-06-07 11:14:51,683 [INFO] IPUIPlugin:80 - create IPUIPlugin
2025-06-07 11:14:51,683 [INFO] PluginManager:220 - loadIPPluginJar : add fmc
2025-06-07 11:14:51,713 [INFO] IPUIPlugin:80 - create IPUIPlugin
2025-06-07 11:14:51,715 [INFO] PluginManager:220 - loadIPPluginJar : add freertos
2025-06-07 11:14:51,765 [INFO] IPUIPlugin:80 - create IPUIPlugin
2025-06-07 11:14:51,765 [INFO] PluginManager:220 - loadIPPluginJar : add genericplugin
2025-06-07 11:14:51,979 [INFO] IPUIPlugin:80 - create IPUIPlugin
2025-06-07 11:14:51,979 [INFO] PluginManager:220 - loadIPPluginJar : add gfxmmu
2025-06-07 11:14:52,261 [INFO] IPUIPlugin:80 - create IPUIPlugin
2025-06-07 11:14:52,261 [INFO] PluginManager:220 - loadIPPluginJar : add gic
2025-06-07 11:14:52,281 [INFO] IPUIPlugin:80 - create IPUIPlugin
2025-06-07 11:14:52,281 [INFO] PluginManager:220 - loadIPPluginJar : add gpio
2025-06-07 11:14:52,464 [INFO] IPUIPlugin:80 - create IPUIPlugin
2025-06-07 11:14:52,464 [INFO] PluginManager:220 - loadIPPluginJar : add gtzc
2025-06-07 11:14:52,539 [INFO] IPUIPlugin:80 - create IPUIPlugin
2025-06-07 11:14:52,539 [INFO] PluginManager:220 - loadIPPluginJar : add hash
2025-06-07 11:14:52,664 [INFO] IPUIPlugin:80 - create IPUIPlugin
2025-06-07 11:14:52,664 [INFO] PluginManager:220 - loadIPPluginJar : add i2c
2025-06-07 11:14:52,745 [INFO] ThirdPartyUpdaterWithRetryManager:70 - Updater plugin not ready yet. [2/15]
2025-06-07 11:14:52,760 [INFO] IPUIPlugin:80 - create IPUIPlugin
2025-06-07 11:14:52,761 [INFO] PluginManager:220 - loadIPPluginJar : add i2s
2025-06-07 11:14:52,864 [INFO] IPUIPlugin:80 - create IPUIPlugin
2025-06-07 11:14:52,864 [INFO] PluginManager:220 - loadIPPluginJar : add i3c
2025-06-07 11:14:53,121 [INFO] IPUIPlugin:80 - create IPUIPlugin
2025-06-07 11:14:53,121 [INFO] PluginManager:220 - loadIPPluginJar : add ipddr
2025-06-07 11:14:53,382 [INFO] IPUIPlugin:80 - create IPUIPlugin
2025-06-07 11:14:53,382 [INFO] PluginManager:220 - loadIPPluginJar : add linkedlist
2025-06-07 11:14:53,460 [INFO] IPUIPlugin:80 - create IPUIPlugin
2025-06-07 11:14:53,460 [INFO] PluginManager:220 - loadIPPluginJar : add lorawan
2025-06-07 11:14:53,538 [INFO] IPUIPlugin:80 - create IPUIPlugin
2025-06-07 11:14:53,538 [INFO] PluginManager:220 - loadIPPluginJar : add ltdc
2025-06-07 11:14:53,565 [INFO] IPUIPlugin:80 - create IPUIPlugin
2025-06-07 11:14:53,565 [INFO] PluginManager:220 - loadIPPluginJar : add mdma
2025-06-07 11:14:53,585 [INFO] IPUIPlugin:80 - create IPUIPlugin
2025-06-07 11:14:53,585 [INFO] PluginManager:220 - loadIPPluginJar : add nvic
2025-06-07 11:14:53,665 [INFO] IPUIPlugin:80 - create IPUIPlugin
2025-06-07 11:14:53,665 [INFO] PluginManager:220 - loadIPPluginJar : add opamp
2025-06-07 11:14:53,840 [INFO] IPUIPlugin:80 - create IPUIPlugin
2025-06-07 11:14:53,840 [INFO] PluginManager:220 - loadIPPluginJar : add openamp
2025-06-07 11:14:53,961 [INFO] IPUIPlugin:80 - create IPUIPlugin
2025-06-07 11:14:53,961 [INFO] PluginManager:220 - loadIPPluginJar : add pdm2pcm
2025-06-07 11:14:53,995 [INFO] IPUIPlugin:80 - create IPUIPlugin
2025-06-07 11:14:54,002 [INFO] PluginManager:220 - loadIPPluginJar : add plateformsettings
2025-06-07 11:14:54,068 [INFO] IPUIPlugin:80 - create IPUIPlugin
2025-06-07 11:14:54,068 [INFO] PluginManager:220 - loadIPPluginJar : add quadspi
2025-06-07 11:14:54,138 [INFO] IPUIPlugin:80 - create IPUIPlugin
2025-06-07 11:14:54,140 [INFO] PluginManager:220 - loadIPPluginJar : add radio
2025-06-07 11:14:54,166 [INFO] IPUIPlugin:80 - create IPUIPlugin
2025-06-07 11:14:54,166 [INFO] PluginManager:220 - loadIPPluginJar : add resmgrutility
2025-06-07 11:14:54,267 [INFO] IPUIPlugin:80 - create IPUIPlugin
2025-06-07 11:14:54,267 [INFO] PluginManager:220 - loadIPPluginJar : add sai
2025-06-07 11:14:54,369 [INFO] IPUIPlugin:80 - create IPUIPlugin
2025-06-07 11:14:54,369 [INFO] PluginManager:220 - loadIPPluginJar : add spi
2025-06-07 11:14:54,573 [INFO] IPUIPlugin:80 - create IPUIPlugin
2025-06-07 11:14:54,573 [INFO] PluginManager:220 - loadIPPluginJar : add stm32_wpan
2025-06-07 11:14:54,641 [INFO] IPUIPlugin:80 - create IPUIPlugin
2025-06-07 11:14:54,641 [INFO] PluginManager:220 - loadIPPluginJar : add tim
2025-06-07 11:14:54,814 [INFO] IPUIPlugin:80 - create IPUIPlugin
2025-06-07 11:14:54,814 [INFO] PluginManager:220 - loadIPPluginJar : add touchsensing
2025-06-07 11:14:54,867 [INFO] IPUIPlugin:80 - create IPUIPlugin
2025-06-07 11:14:54,867 [INFO] PluginManager:220 - loadIPPluginJar : add tracer_emb
2025-06-07 11:14:54,922 [INFO] IPUIPlugin:80 - create IPUIPlugin
2025-06-07 11:14:54,922 [INFO] PluginManager:220 - loadIPPluginJar : add ts
2025-06-07 11:14:54,981 [INFO] IPUIPlugin:80 - create IPUIPlugin
2025-06-07 11:14:54,981 [INFO] PluginManager:220 - loadIPPluginJar : add tsc
2025-06-07 11:14:55,040 [INFO] IPUIPlugin:80 - create IPUIPlugin
2025-06-07 11:14:55,040 [INFO] PluginManager:220 - loadIPPluginJar : add ucpd
2025-06-07 11:14:55,161 [INFO] IPUIPlugin:80 - create IPUIPlugin
2025-06-07 11:14:55,161 [INFO] PluginManager:220 - loadIPPluginJar : add usart
2025-06-07 11:14:55,285 [INFO] IPUIPlugin:80 - create IPUIPlugin
2025-06-07 11:14:55,285 [INFO] PluginManager:220 - loadIPPluginJar : add usbx
2025-06-07 11:14:55,459 [FATAL] Updater:351 - Updater called before beeing initialized
2025-06-07 11:14:55,503 [INFO] RulesReader:64 - Compatibility file has been processed (302 Rules)
2025-06-07 11:14:55,525 [INFO] RulesReader:64 - Compatibility file has been processed (302 Rules)
2025-06-07 11:14:55,536 [INFO] CADModel:165 - CPN selected for project level
2025-06-07 11:14:55,536 [INFO] CADModel:114 - Register for checkConnection events
2025-06-07 11:14:55,536 [FATAL] Updater:351 - Updater called before beeing initialized
2025-06-07 11:14:55,536 [ERROR] CADModel:125 - Updater not yet initialized, retry later 
2025-06-07 11:14:55,749 [INFO] ThirdPartyUpdaterWithRetryManager:70 - Updater plugin not ready yet. [3/15]
2025-06-07 11:14:55,808 [FATAL] Updater:351 - Updater called before beeing initialized
2025-06-07 11:14:55,811 [INFO] CADModel:165 - CPN selected for project level
2025-06-07 11:14:55,812 [INFO] CADModel:114 - Register for checkConnection events
2025-06-07 11:14:55,812 [FATAL] Updater:351 - Updater called before beeing initialized
2025-06-07 11:14:55,812 [ERROR] CADModel:125 - Updater not yet initialized, retry later 
2025-06-07 11:14:55,818 [FATAL] Updater:351 - Updater called before beeing initialized
2025-06-07 11:14:56,104 [FATAL] Updater:351 - Updater called before beeing initialized
2025-06-07 11:14:56,125 [INFO] DbMcusAds:53 - JSON generation date=Wed May 07 11:07:55 CEST 2025 (1746608875679)
2025-06-07 11:14:56,127 [FATAL] Updater:351 - Updater called before beeing initialized
2025-06-07 11:14:56,190 [WARN] DetailPanel:346 - Failed to get advertising image, set to default
2025-06-07 11:14:56,601 [FATAL] Updater:351 - Updater called before beeing initialized
2025-06-07 11:14:56,605 [FATAL] Updater:351 - Updater called before beeing initialized
2025-06-07 11:14:56,605 [FATAL] Updater:351 - Updater called before beeing initialized
2025-06-07 11:14:56,605 [WARN] DetailPanel:346 - Failed to get advertising image, set to default
2025-06-07 11:14:56,607 [FATAL] Updater:351 - Updater called before beeing initialized
2025-06-07 11:14:56,709 [ERROR] Updater:1198 - MainUpdater not yet initialized. External WinMGr cannot be set.
2025-06-07 11:14:56,731 [INFO] Updater:1134 - Updater Version found : 6.14.1
2025-06-07 11:14:56,758 [INFO] ApplicationProperties:184 - Using Application install path: C:\ST\STM32CubeIDE_1.13.1\STM32CubeIDE\plugins\com.st.stm32cube.common.mx_6.14.1.202504091515
2025-06-07 11:14:57,257 [INFO] MainUpdater:2872 - connection check result : 22
2025-06-07 11:14:57,259 [INFO] MainUpdater:289 - Updater Check For Update Now.
2025-06-07 11:14:57,259 [INFO] MicroXplorer:498 - Change Database Version : DB.6.0.141
2025-06-07 11:14:57,288 [INFO] McuFinderGlobals:63 - Set McuFinder mode to 2 (CubeIDE integrated)
2025-06-07 11:14:57,306 [INFO] UserAuth:484 - Internet connection configuration mode: 2
2025-06-07 11:14:57,320 [INFO] UserAuth:484 - Internet connection configuration mode: 2
2025-06-07 11:14:57,587 [INFO] CheckServerUpdateThread:120 - End of CheckServer Thread
2025-06-07 11:14:59,244 [WARN] PackLoader:240 - Cannot read IP mode file for STMicroelectronics.FP-SNS-MOTENVWB1.1.4.0
2025-06-07 11:14:59,282 [WARN] PackLoader:240 - Cannot read IP mode file for STMicroelectronics.FP-ATR-ASTRA1.2.0.2
2025-06-07 11:14:59,306 [WARN] PackLoader:240 - Cannot read IP mode file for STMicroelectronics.FP-ATR-ASTRA1.2.0.1
2025-06-07 11:14:59,336 [WARN] PackLoader:240 - Cannot read IP mode file for STMicroelectronics.X-CUBE-SMBUS.2.1.0
2025-06-07 11:14:59,365 [WARN] PackLoader:240 - Cannot read IP mode file for STMicroelectronics.X-CUBE-WB05N.1.1.0
2025-06-07 11:14:59,395 [WARN] PackLoader:240 - Cannot read IP mode file for STMicroelectronics.X-CUBE-ST60.1.0.0
2025-06-07 11:14:59,422 [WARN] PackLoader:240 - Cannot read IP mode file for STMicroelectronics.X-CUBE-TOUCHGFX.4.23.0
2025-06-07 11:14:59,508 [WARN] PackLoader:240 - Cannot read IP mode file for STMicroelectronics.X-CUBE-AZRTOS-F7.1.1.0
2025-06-07 11:14:59,542 [WARN] PackLoader:240 - Cannot read IP mode file for STMicroelectronics.FP-SNS-MOTENV1.4.3.2
2025-06-07 11:14:59,568 [WARN] PackLoader:240 - Cannot read IP mode file for STMicroelectronics.FP-SNS-FLIGHT1.5.0.2
2025-06-07 11:14:59,598 [WARN] PackLoader:240 - Cannot read IP mode file for STMicroelectronics.X-CUBE-DISPLAY.3.0.0
2025-06-07 11:14:59,634 [WARN] PackLoader:240 - Cannot read IP mode file for STMicroelectronics.X-CUBE-BLE1.7.0.0
2025-06-07 11:14:59,662 [WARN] PackLoader:240 - Cannot read IP mode file for STMicroelectronics.X-CUBE-NFC10.1.0.0
2025-06-07 11:14:59,698 [WARN] PackLoader:240 - Cannot read IP mode file for STMicroelectronics.X-CUBE-BLEMGR.4.0.0
2025-06-07 11:14:59,734 [WARN] PackLoader:240 - Cannot read IP mode file for emotas.I-CUBE-CANOPEN.1.3.0
2025-06-07 11:14:59,761 [WARN] PackLoader:240 - Cannot read IP mode file for STMicroelectronics.X-CUBE-TOUCHGFX.4.22.0
2025-06-07 11:14:59,783 [WARN] PackLoader:240 - Cannot read IP mode file for STMicroelectronics.X-CUBE-TOUCHGFX.4.22.1
2025-06-07 11:14:59,813 [WARN] PackLoader:240 - Cannot read IP mode file for STMicroelectronics.X-CUBE-BLEMGR.3.1.0
2025-06-07 11:14:59,841 [WARN] PackLoader:240 - Cannot read IP mode file for STMicroelectronics.X-CUBE-AI.10.0.0
2025-06-07 11:14:59,867 [WARN] PackLoader:240 - Cannot read IP mode file for STMicroelectronics.FP-SNS-SMARTAG2.1.2.0
2025-06-07 11:14:59,890 [WARN] PackLoader:240 - Cannot read IP mode file for STMicroelectronics.FP-SNS-FLIGHT1.5.1.0
2025-06-07 11:14:59,993 [WARN] PackLoader:240 - Cannot read IP mode file for STMicroelectronics.X-CUBE-MEMS1.11.1.0
2025-06-07 11:15:00,230 [INFO] LogOutputStream:77 - [STDOUT_REDIRECT] 1 : Invalid condition id : UX_CORESTACK_Condition cause : null
2025-06-07 11:15:00,231 [INFO] LogOutputStream:77 - [STDOUT_REDIRECT] 1 : Invalid condition id : UX_CORESTACK_Condition cause : null
2025-06-07 11:15:00,233 [INFO] LogOutputStream:77 - [STDOUT_REDIRECT] 1 : Invalid condition id : UX_CORESTACK_Condition cause : null
2025-06-07 11:15:00,235 [INFO] LogOutputStream:77 - [STDOUT_REDIRECT] 1 : Invalid condition id : UX_CORESTACK_Condition cause : null
2025-06-07 11:15:00,236 [INFO] LogOutputStream:77 - [STDOUT_REDIRECT] 1 : Invalid condition id : UX_CORESTACK_Condition cause : null
2025-06-07 11:15:00,240 [WARN] PackLoader:240 - Cannot read IP mode file for STMicroelectronics.X-CUBE-AZRTOS-WL.2.0.0
2025-06-07 11:15:00,264 [WARN] PackLoader:240 - Cannot read IP mode file for STMicroelectronics.FP-SNS-MOTENV1.5.0.0
2025-06-07 11:15:00,286 [WARN] PackLoader:240 - Cannot read IP mode file for wolfSSL.I-CUBE-wolfMQTT.1.19.0
2025-06-07 11:15:00,314 [WARN] PackLoader:240 - Cannot read IP mode file for WES.I-CUBE-Cesium.1.3.0
2025-06-07 11:15:00,338 [WARN] PackLoader:240 - Cannot read IP mode file for STMicroelectronics.X-CUBE-BLE2.3.3.0
2025-06-07 11:15:00,362 [WARN] PackLoader:240 - Cannot read IP mode file for STMicroelectronics.X-CUBE-NFC9.1.0.0
2025-06-07 11:15:00,386 [WARN] PackLoader:240 - Cannot read IP mode file for STMicroelectronics.X-CUBE-BLE1.7.1.0
2025-06-07 11:15:00,409 [WARN] PackLoader:240 - Cannot read IP mode file for STMicroelectronics.X-CUBE-AI.10.1.0
2025-06-07 11:15:00,432 [WARN] PackLoader:240 - Cannot read IP mode file for STMicroelectronics.X-CUBE-ALGOBUILD.1.3.0
2025-06-07 11:15:00,528 [WARN] PackLoader:240 - Cannot read IP mode file for STMicroelectronics.X-CUBE-MEMS1.11.2.0
2025-06-07 11:15:00,832 [WARN] PackLoader:240 - Cannot read IP mode file for STMicroelectronics.X-CUBE-AZRTOS-G0.1.1.0
2025-06-07 11:15:00,864 [WARN] PackLoader:240 - Cannot read IP mode file for STMicroelectronics.X-CUBE-SAFEA1.1.2.2
2025-06-07 11:15:00,890 [WARN] PackLoader:240 - Cannot read IP mode file for STMicroelectronics.X-CUBE-NFC4.3.0.0
2025-06-07 11:15:00,929 [WARN] PackLoader:240 - Cannot read IP mode file for EmbeddedOffice.I-CUBE-FS-RTOS.1.0.1
2025-06-07 11:15:00,957 [WARN] PackLoader:240 - Cannot read IP mode file for STMicroelectronics.X-CUBE-WB05N.2.0.0
2025-06-07 11:15:00,987 [WARN] PackLoader:240 - Cannot read IP mode file for STMicroelectronics.X-CUBE-BLEMGR.3.0.0
2025-06-07 11:15:01,015 [WARN] PackLoader:240 - Cannot read IP mode file for STMicroelectronics.X-CUBE-TCPP.4.2.0
2025-06-07 11:15:01,097 [WARN] PackLoader:240 - Cannot read IP mode file for RealThread.X-CUBE-RT-Thread_Nano.4.1.1
2025-06-07 11:15:01,124 [WARN] PackLoader:240 - Cannot read IP mode file for STMicroelectronics.FP-ATR-SIGFOX1.3.2.0
2025-06-07 11:15:01,146 [WARN] ConditionMgr:438 - getConditionDescription Invalid condition id : Cortex-A Device cause : null
2025-06-07 11:15:01,183 [WARN] ConditionMgr:1044 - genDependencies : Invalid condition id : Cortex-A Device cause : null
2025-06-07 11:15:01,184 [WARN] ConditionMgr:1044 - genDependencies : Invalid condition id : Cortex-A Device cause : null
2025-06-07 11:15:01,184 [WARN] ConditionMgr:1044 - genDependencies : Invalid condition id : Cortex-A Device cause : null
2025-06-07 11:15:01,208 [WARN] PackLoader:240 - Cannot read IP mode file for STMicroelectronics.X-CUBE-EEPRMA1.5.1.0
2025-06-07 11:15:01,235 [WARN] PackLoader:240 - Cannot read IP mode file for STMicroelectronics.X-CUBE-ST67W61.1.0.0
2025-06-07 11:15:01,286 [WARN] PackLoader:240 - Cannot read IP mode file for SEGGER.I-CUBE-embOS.1.3.1
2025-06-07 11:15:01,355 [WARN] PackLoader:240 - Cannot read IP mode file for STMicroelectronics.X-CUBE-ALGOBUILD.1.4.0
2025-06-07 11:15:01,381 [WARN] PackLoader:240 - Cannot read IP mode file for STMicroelectronics.X-CUBE-GNSS1.6.0.0
2025-06-07 11:15:01,428 [WARN] PackLoader:240 - Cannot read IP mode file for STMicroelectronics.X-CUBE-AZRTOS-F4.1.1.0
2025-06-07 11:15:01,454 [WARN] PackLoader:240 - Cannot read IP mode file for wolfSSL.I-CUBE-wolfSSL.5.6.3
2025-06-07 11:15:01,475 [WARN] PackLoader:240 - Cannot read IP mode file for Avnet-IotConnect.X-CUBE-IoTC-DA16k-PMOD.1.0.0
2025-06-07 11:15:01,497 [WARN] PackLoader:240 - Cannot read IP mode file for STMicroelectronics.X-CUBE-ISPU.2.1.0
2025-06-07 11:15:01,540 [WARN] PackLoader:240 - Cannot read IP mode file for STMicroelectronics.X-CUBE-AZRTOS-L5.2.0.0
2025-06-07 11:15:01,604 [WARN] PackLoader:240 - Cannot read IP mode file for STMicroelectronics.X-CUBE-MEMS1.9.6.0
2025-06-07 11:15:01,759 [WARN] PackLoader:240 - Cannot read IP mode file for STMicroelectronics.X-CUBE-EEPRMA1.4.2.0
2025-06-07 11:15:01,786 [WARN] PackLoader:240 - Cannot read IP mode file for STMicroelectronics.X-CUBE-NFC6.3.1.0
2025-06-07 11:15:01,813 [WARN] PackLoader:240 - Cannot read IP mode file for ITTIA_DB.I-CUBE-ITTIADB.8.8.0
2025-06-07 11:15:01,839 [WARN] PackLoader:240 - Cannot read IP mode file for STMicroelectronics.X-CUBE-BLEMGR.2.0.0
2025-06-07 11:15:01,867 [WARN] PackLoader:240 - Cannot read IP mode file for STMicroelectronics.X-CUBE-DPower.1.2.0
2025-06-07 11:15:01,910 [WARN] ConditionMgr:438 - getConditionDescription Invalid condition id : UX DEVICE CLASS RTOS Condition cause : null
2025-06-07 11:15:01,911 [WARN] ConditionMgr:438 - getConditionDescription Invalid condition id : UX DEVICE CLASS RTOS Condition cause : null
2025-06-07 11:15:01,915 [WARN] PackLoader:240 - Cannot read IP mode file for STMicroelectronics.X-CUBE-AZRTOS-H7.3.1.0
2025-06-07 11:15:01,916 [WARN] ConditionMgr:1044 - genDependencies : Invalid condition id : UX DEVICE CLASS RTOS Condition cause : null
2025-06-07 11:15:01,916 [WARN] ConditionMgr:1044 - genDependencies : Invalid condition id : UX DEVICE CLASS RTOS Condition cause : null
2025-06-07 11:15:01,917 [WARN] ConditionMgr:1044 - genDependencies : Invalid condition id : UX DEVICE CLASS RTOS Condition cause : null
2025-06-07 11:15:01,918 [WARN] ConditionMgr:1044 - genDependencies : Invalid condition id : UX DEVICE CLASS RTOS Condition cause : null
2025-06-07 11:15:01,918 [WARN] ConditionMgr:1044 - genDependencies : Invalid condition id : UX DEVICE CLASS RTOS Condition cause : null
2025-06-07 11:15:01,944 [WARN] PackLoader:240 - Cannot read IP mode file for STMicroelectronics.X-CUBE-FREERTOS.1.3.1
2025-06-07 11:15:01,963 [WARN] PackLoader:240 - Cannot read IP mode file for STMicroelectronics.X-CUBE-FREERTOS.1.3.0
2025-06-07 11:15:01,985 [WARN] PackLoader:240 - Cannot read IP mode file for STMicroelectronics.X-CUBE-NFC7.1.0.1
2025-06-07 11:15:02,011 [WARN] PackLoader:240 - Cannot read IP mode file for STMicroelectronics.X-CUBE-NFC6.3.0.0
2025-06-07 11:15:02,036 [WARN] PackLoader:240 - Cannot read IP mode file for STMicroelectronics.X-CUBE-EEPRMA1.4.1.0
2025-06-07 11:15:02,060 [WARN] PackLoader:240 - Cannot read IP mode file for STMicroelectronics.X-CUBE-DPower.1.3.0
2025-06-07 11:15:02,082 [WARN] PackLoader:240 - Cannot read IP mode file for STMicroelectronics.X-CUBE-AI.8.1.0
2025-06-07 11:15:02,125 [WARN] ConditionMgr:438 - getConditionDescription Invalid condition id : LAN8742 Phy interface Condition cause : null
2025-06-07 11:15:02,125 [WARN] PackLoader:240 - Cannot read IP mode file for STMicroelectronics.X-CUBE-AZRTOS-L4.2.0.0
2025-06-07 11:15:02,127 [WARN] ConditionMgr:1044 - genDependencies : Invalid condition id : LAN8742 Phy interface Condition cause : null
2025-06-07 11:15:02,127 [WARN] ConditionMgr:1044 - genDependencies : Invalid condition id : LAN8742 Phy interface Condition cause : null
2025-06-07 11:15:02,127 [WARN] ConditionMgr:1044 - genDependencies : Invalid condition id : LAN8742 Phy interface Condition cause : null
2025-06-07 11:15:02,154 [WARN] PackLoader:240 - Cannot read IP mode file for STMicroelectronics.X-CUBE-SFXS2LP1.4.0.0
2025-06-07 11:15:02,177 [WARN] PackLoader:240 - Cannot read IP mode file for STMicroelectronics.X-CUBE-ISPU.1.1.0
2025-06-07 11:15:02,221 [WARN] PackLoader:240 - Cannot read IP mode file for STMicroelectronics.X-CUBE-AZRTOS-H7.3.3.0
2025-06-07 11:15:02,259 [WARN] ConditionMgr:438 - getConditionDescription Invalid condition id : UX DEVICE CLASS RTOS Condition cause : null
2025-06-07 11:15:02,260 [WARN] ConditionMgr:438 - getConditionDescription Invalid condition id : UX DEVICE CLASS RTOS Condition cause : null
2025-06-07 11:15:02,262 [WARN] PackLoader:240 - Cannot read IP mode file for STMicroelectronics.X-CUBE-AZRTOS-WB.2.0.0
2025-06-07 11:15:02,262 [WARN] ConditionMgr:1044 - genDependencies : Invalid condition id : UX DEVICE CLASS RTOS Condition cause : null
2025-06-07 11:15:02,263 [WARN] ConditionMgr:1044 - genDependencies : Invalid condition id : UX DEVICE CLASS RTOS Condition cause : null
2025-06-07 11:15:02,263 [WARN] ConditionMgr:1044 - genDependencies : Invalid condition id : UX DEVICE CLASS RTOS Condition cause : null
2025-06-07 11:15:02,263 [WARN] ConditionMgr:1044 - genDependencies : Invalid condition id : UX DEVICE CLASS RTOS Condition cause : null
2025-06-07 11:15:02,264 [WARN] ConditionMgr:1044 - genDependencies : Invalid condition id : UX DEVICE CLASS RTOS Condition cause : null
2025-06-07 11:15:02,287 [WARN] PackLoader:240 - Cannot read IP mode file for STMicroelectronics.X-CUBE-GNSS1.7.0.1
2025-06-07 11:15:02,311 [WARN] PackLoader:240 - Cannot read IP mode file for STMicroelectronics.X-CUBE-TOUCHGFX.4.25.0
2025-06-07 11:15:02,334 [WARN] PackLoader:240 - Cannot read IP mode file for STMicroelectronics.FP-SNS-STBOX1.2.0.0
2025-06-07 11:15:02,365 [WARN] PackLoader:240 - Cannot read IP mode file for STMicroelectronics.X-CUBE-SUBG2.5.0.0
2025-06-07 11:15:02,413 [WARN] PackLoader:240 - Cannot read IP mode file for STMicroelectronics.X-CUBE-AZRTOS-H7RS.1.1.0
2025-06-07 11:15:02,438 [WARN] PackLoader:240 - Cannot read IP mode file for Cesanta.I-CUBE-Mongoose.7.13.0
2025-06-07 11:15:02,470 [WARN] PackLoader:240 - Cannot read IP mode file for STMicroelectronics.X-CUBE-TOF1.3.3.1
2025-06-07 11:15:02,517 [WARN] PackLoader:240 - Cannot read IP mode file for STMicroelectronics.X-CUBE-AZRTOS-G4.2.0.0
2025-06-07 11:15:02,554 [WARN] PackLoader:240 - Cannot read IP mode file for Infineon.AIROC-Wi-Fi-Bluetooth-STM32.1.5.1
2025-06-07 11:15:02,579 [WARN] PackLoader:240 - Cannot read IP mode file for STMicroelectronics.FP-SNS-MOTENVWB1.1.3.0
2025-06-07 11:15:02,602 [WARN] PackLoader:240 - Cannot read IP mode file for STMicroelectronics.X-CUBE-NFC7.2.0.0
2025-06-07 11:15:02,626 [WARN] PackLoader:240 - Cannot read IP mode file for STMicroelectronics.FP-SNS-MOTENVWB1.1.3.1
2025-06-07 11:15:02,648 [WARN] PackLoader:240 - Cannot read IP mode file for STMicroelectronics.X-CUBE-ISPU.2.0.0
2025-06-07 11:15:02,681 [WARN] PackLoader:240 - Cannot read IP mode file for STMicroelectronics.X-CUBE-IPS.3.1.0
2025-06-07 11:15:02,711 [WARN] PackLoader:240 - Cannot read IP mode file for STMicroelectronics.X-CUBE-ALS.1.0.2
2025-06-07 11:15:03,074 [WARN] PackLoader:240 - Cannot read IP mode file for STMicroelectronics.X-CUBE-MEMS1.10.0.0
2025-06-07 11:15:03,219 [WARN] PackLoader:240 - Cannot read IP mode file for STMicroelectronics.X-CUBE-FREERTOS.1.1.0
2025-06-07 11:15:03,242 [WARN] PackLoader:240 - Cannot read IP mode file for STMicroelectronics.X-CUBE-TOUCHGFX.4.24.2
2025-06-07 11:15:03,268 [WARN] PackLoader:240 - Cannot read IP mode file for wolfSSL.I-CUBE-wolfTPM.3.4.0
2025-06-07 11:15:03,294 [WARN] PackLoader:240 - Cannot read IP mode file for portGmbH.I-Cube-SoM-uGOAL.1.1.0
2025-06-07 11:15:03,318 [WARN] PackLoader:240 - Cannot read IP mode file for STMicroelectronics.X-CUBE-ALS.1.0.1
2025-06-07 11:15:03,367 [WARN] PackLoader:240 - Cannot read IP mode file for STMicroelectronics.X-CUBE-AZRTOS-H7RS.1.0.0
2025-06-07 11:15:03,394 [WARN] PackLoader:240 - Cannot read IP mode file for STMicroelectronics.FP-ATR-ASTRA1.2.0.0
2025-06-07 11:15:03,428 [WARN] PackLoader:240 - Cannot read IP mode file for STMicroelectronics.X-CUBE-TOF1.3.4.2
2025-06-07 11:15:03,474 [WARN] PackLoader:240 - Cannot read IP mode file for STMicroelectronics.X-CUBE-TOF1.3.4.3
2025-06-07 11:15:03,519 [WARN] PackLoader:240 - Cannot read IP mode file for STMicroelectronics.X-CUBE-TOF1.3.4.0
2025-06-07 11:15:03,579 [WARN] PackLoader:240 - Cannot read IP mode file for STMicroelectronics.X-CUBE-AZRTOS-H7.3.2.0
2025-06-07 11:15:03,607 [WARN] PackLoader:240 - Cannot read IP mode file for wolfSSL.I-CUBE-wolfSSH.1.4.17
2025-06-07 11:15:03,608 [INFO] ThirdParty:978 - Integrity check success = true
2025-06-07 11:15:03,609 [INFO] IntegrityCheckThread:100 - exiting critical section [integrity check]
2025-06-07 11:15:03,609 [INFO] IntegrityCheckThread:103 - End integrity checks thread
2025-06-07 13:34:16,420 [INFO] Activator:176 - 


2025-06-07 13:34:16,423 [INFO] Activator:177 - !SESSION log4j initialized
2025-06-07 13:34:21,929 [INFO] LogOutputStream:77 - [STDOUT_REDIRECT] 
2025-06-07 13:34:24,247 [INFO] ApplicationProperties:184 - Using Application install path: C:\ST\STM32CubeIDE_1.13.1\STM32CubeIDE\plugins\com.st.stm32cube.common.mx_6.14.1.202504091515
2025-06-07 13:34:24,275 [INFO] DbMcusXml:78 - Set database path to: C:\ST\STM32CubeIDE_1.13.1\STM32CubeIDE\plugins\com.st.stm32cube.common.mx_6.14.1.202504091515\\db\/mcu/
2025-06-07 13:34:24,277 [INFO] ApiDb:274 - Set plugin database path to: C:\ST\STM32CubeIDE_1.13.1\STM32CubeIDE\plugins\com.st.stm32cube.common.mx_6.14.1.202504091515\\db\/plugins/boardmanager/
2025-06-07 13:34:24,277 [WARN] ApiDb:259 - Overriding images path with different value:  => C:\ST\STM32CubeIDE_1.13.1\STM32CubeIDE\plugins\com.st.stm32cube.common.mx_6.14.1.202504091515\\db\/plugins/mcufinder/images/
2025-06-07 13:34:24,288 [INFO] ApiDb:250 - Set database path to: C:\Users\amozd\.stmcufinder\plugins\mcufinder//mcu/
2025-06-07 13:34:24,290 [INFO] DbMcusAds:125 - Set database path to: C:\Users\amozd\.stmcufinder\plugins\mcufinder//mcu/
2025-06-07 13:34:24,294 [INFO] CrossReferenceDbSqlite:203 - Set database path to: C:\Users\amozd\.stmcufinder\plugins\mcufinder//mcu/cs/
2025-06-07 13:34:24,519 [INFO] RulesReader:64 - Compatibility file has been processed (302 Rules)
2025-06-07 13:34:24,683 [INFO] DbMcusXml:78 - Set database path to: C:\ST\STM32CubeIDE_1.13.1\STM32CubeIDE\plugins\com.st.stm32cube.common.mx_6.14.1.202504091515\\db\/mcu/
2025-06-07 13:34:24,683 [INFO] ApiDb:274 - Set plugin database path to: C:\ST\STM32CubeIDE_1.13.1\STM32CubeIDE\plugins\com.st.stm32cube.common.mx_6.14.1.202504091515\\db\/plugins/boardmanager/
2025-06-07 13:34:24,683 [INFO] ApiDb:261 - Set plugin images path to: C:\ST\STM32CubeIDE_1.13.1\STM32CubeIDE\plugins\com.st.stm32cube.common.mx_6.14.1.202504091515\\db\/plugins/mcufinder/images/
2025-06-07 13:34:24,685 [WARN] DbFile:41 - Overriding database path with different value: C:\Users\amozd\.stmcufinder\plugins\mcufinder/ => C:\Users\amozd\.stmcufinder\plugins\mcufinder
2025-06-07 13:34:24,685 [INFO] ApiDb:250 - Set database path to: C:\Users\amozd\.stmcufinder\plugins\mcufinder//mcu/
2025-06-07 13:34:24,685 [WARN] DbFile:41 - Overriding database path with different value: C:\Users\amozd\.stmcufinder\plugins\mcufinder/ => C:\Users\amozd\.stmcufinder\plugins\mcufinder
2025-06-07 13:34:24,686 [INFO] DbMcusAds:125 - Set database path to: C:\Users\amozd\.stmcufinder\plugins\mcufinder//mcu/
2025-06-07 13:34:24,686 [WARN] DbFile:41 - Overriding database path with different value: C:\Users\amozd\.stmcufinder\plugins\mcufinder/ => C:\Users\amozd\.stmcufinder\plugins\mcufinder
2025-06-07 13:34:24,686 [WARN] DbFile:41 - Overriding database path with different value: C:\Users\amozd\.stmcufinder\plugins\mcufinder/ => C:\Users\amozd\.stmcufinder\plugins\mcufinder
2025-06-07 13:34:24,686 [INFO] CrossReferenceDbSqlite:203 - Set database path to: C:\Users\amozd\.stmcufinder\plugins\mcufinder//mcu/cs/
2025-06-07 13:34:24,853 [INFO] MainPanel:272 - HeapMemory: 268435456
2025-06-07 13:34:25,094 [INFO] DbMcusXml:78 - Set database path to: C:\ST\STM32CubeIDE_1.13.1\STM32CubeIDE\plugins\com.st.stm32cube.common.mx_6.14.1.202504091515\\db\/mcu/
2025-06-07 13:34:25,094 [INFO] ApiDb:274 - Set plugin database path to: C:\ST\STM32CubeIDE_1.13.1\STM32CubeIDE\plugins\com.st.stm32cube.common.mx_6.14.1.202504091515\\db\/plugins/boardmanager/
2025-06-07 13:34:25,094 [INFO] ApiDb:261 - Set plugin images path to: C:\ST\STM32CubeIDE_1.13.1\STM32CubeIDE\plugins\com.st.stm32cube.common.mx_6.14.1.202504091515\\db\/plugins/mcufinder/images/
2025-06-07 13:34:25,095 [WARN] DbFile:41 - Overriding database path with different value: C:\Users\amozd\.stmcufinder\plugins\mcufinder/ => C:\Users\amozd\.stmcufinder\plugins\mcufinder
2025-06-07 13:34:25,095 [INFO] ApiDb:250 - Set database path to: C:\Users\amozd\.stmcufinder\plugins\mcufinder//mcu/
2025-06-07 13:34:25,095 [WARN] DbFile:41 - Overriding database path with different value: C:\Users\amozd\.stmcufinder\plugins\mcufinder/ => C:\Users\amozd\.stmcufinder\plugins\mcufinder
2025-06-07 13:34:25,096 [INFO] DbMcusAds:125 - Set database path to: C:\Users\amozd\.stmcufinder\plugins\mcufinder//mcu/
2025-06-07 13:34:25,096 [WARN] DbFile:41 - Overriding database path with different value: C:\Users\amozd\.stmcufinder\plugins\mcufinder/ => C:\Users\amozd\.stmcufinder\plugins\mcufinder
2025-06-07 13:34:25,096 [WARN] DbFile:41 - Overriding database path with different value: C:\Users\amozd\.stmcufinder\plugins\mcufinder/ => C:\Users\amozd\.stmcufinder\plugins\mcufinder
2025-06-07 13:34:25,097 [INFO] CrossReferenceDbSqlite:203 - Set database path to: C:\Users\amozd\.stmcufinder\plugins\mcufinder//mcu/cs/
2025-06-07 13:34:25,155 [INFO] ApplicationProperties:184 - Using Application install path: C:\ST\STM32CubeIDE_1.13.1\STM32CubeIDE\plugins\com.st.stm32cube.common.mx_6.14.1.202504091515
2025-06-07 13:34:25,157 [INFO] PluginManage:196 - Search for loadable plugins [exclusion list=, ]
2025-06-07 13:34:25,160 [INFO] PluginManage:310 - Check plugin analytics
2025-06-07 13:34:25,410 [INFO] AnalyticsPlugin:253 - Accepted Software Licenses: 
2025-06-07 13:34:25,412 [INFO] AnalyticsPlugin:255 - Accepted CMSIS Pack Licenses: 
2025-06-07 13:34:25,413 [INFO] AnalyticsPlugin:257 - Accepted Firmware Licenses: FW.F4.1.27.0
2025-06-07 13:34:25,419 [INFO] PluginManage:359 - Loaded plugin analytics (category:tool,tabindex:-1)
2025-06-07 13:34:25,419 [INFO] PluginManage:310 - Check plugin cadmodel
2025-06-07 13:34:25,424 [INFO] CADModel:105 - Init CAD model plugin
2025-06-07 13:34:25,424 [INFO] PluginManage:359 - Loaded plugin cadmodel (category:power,tabindex:5)
2025-06-07 13:34:25,425 [INFO] PluginManage:310 - Check plugin clock
2025-06-07 13:34:25,438 [INFO] PluginManage:359 - Loaded plugin clock (category:base,tabindex:2)
2025-06-07 13:34:25,438 [INFO] PluginManage:310 - Check plugin ddr
2025-06-07 13:34:25,441 [INFO] PluginManage:359 - Loaded plugin ddr (category:tool,tabindex:6)
2025-06-07 13:34:25,442 [INFO] PluginManage:310 - Check plugin filemanager
2025-06-07 13:34:25,758 [INFO] PluginManage:359 - Loaded plugin filemanager (category:base,tabindex:10)
2025-06-07 13:34:25,759 [INFO] PluginManage:310 - Check plugin ipmanager
2025-06-07 13:34:25,771 [INFO] PluginManage:359 - Loaded plugin ipmanager (category:base,tabindex:5)
2025-06-07 13:34:25,771 [INFO] PluginManage:310 - Check plugin lpbam
2025-06-07 13:34:25,781 [INFO] PluginManage:359 - Loaded plugin lpbam (category:base,tabindex:0)
2025-06-07 13:34:25,782 [INFO] PluginManage:310 - Check plugin memorymap
2025-06-07 13:34:25,797 [INFO] PluginManage:359 - Loaded plugin memorymap (category:base,tabindex:4)
2025-06-07 13:34:25,797 [INFO] PluginManage:310 - Check plugin pinoutandconfiguration
2025-06-07 13:34:25,806 [INFO] PluginManage:359 - Loaded plugin pinoutandconfiguration (category:base,tabindex:1)
2025-06-07 13:34:25,807 [INFO] PluginManage:310 - Check plugin pinoutconfig
2025-06-07 13:34:25,911 [WARN] SupportedApi:132 - Cannot load RTOS API schema: s4s-elt-must-match.1: The content of 'definitions' must match (annotation?, (simpleType | complexType)?, (unique | key | keyref)*)). A problem was found starting at: attribute.
2025-06-07 13:34:26,079 [INFO] PluginManage:359 - Loaded plugin pinoutconfig (category:base,tabindex:0)
2025-06-07 13:34:26,079 [INFO] PluginManage:310 - Check plugin power
2025-06-07 13:34:26,087 [INFO] PluginManage:359 - Loaded plugin power (category:power,tabindex:4)
2025-06-07 13:34:26,088 [INFO] PluginManage:310 - Check plugin projectmanager
2025-06-07 13:34:26,109 [INFO] PluginManage:359 - Loaded plugin projectmanager (category:projectmanager,tabindex:4)
2025-06-07 13:34:26,109 [INFO] PluginManage:310 - Check plugin rif
2025-06-07 13:34:26,117 [INFO] PluginManage:359 - Loaded plugin rif (category:base,tabindex:3)
2025-06-07 13:34:26,117 [INFO] PluginManage:310 - Check plugin thirdparty
2025-06-07 13:34:26,317 [WARN] IntegrityCheckThread:84 - waiting for thirdparty lock release [integrity check]
2025-06-07 13:34:26,318 [INFO] IntegrityCheckThread:86 - entering critical section [integrity check]
2025-06-07 13:34:26,318 [INFO] PluginManage:359 - Loaded plugin thirdparty (category:base,tabindex:-1)
2025-06-07 13:34:26,319 [INFO] ThirdPartyUpdaterWithRetryManager:70 - Updater plugin not ready yet. [1/15]
2025-06-07 13:34:26,319 [INFO] PluginManage:310 - Check plugin tools
2025-06-07 13:34:26,322 [INFO] PluginManage:359 - Loaded plugin tools (category:base,tabindex:7)
2025-06-07 13:34:26,322 [INFO] PluginManage:310 - Check plugin tutovideos
2025-06-07 13:34:26,505 [INFO] PluginManage:359 - Loaded plugin tutovideos (category:base,tabindex:-1)
2025-06-07 13:34:26,506 [INFO] PluginManage:310 - Check plugin updater
2025-06-07 13:34:26,532 [INFO] PluginManage:359 - Loaded plugin updater (category:base,tabindex:12)
2025-06-07 13:34:26,532 [INFO] PluginManage:310 - Check plugin userauth
2025-06-07 13:34:26,537 [INFO] UserAuth:118 - Init User Auth plugin
2025-06-07 13:34:26,539 [INFO] PluginManage:359 - Loaded plugin userauth (category:base,tabindex:14)
2025-06-07 13:34:26,539 [INFO] PluginManage:283 - PluginManage : Loaded plugins [18]
2025-06-07 13:34:26,847 [INFO] PinOutPanel:1589 - setPackage(No Configuration,No Configuration)
2025-06-07 13:34:27,000 [INFO] CADModel:165 - CPN selected for project level
2025-06-07 13:34:27,001 [INFO] CADModel:114 - Register for checkConnection events
2025-06-07 13:34:27,031 [INFO] IPUIPlugin:80 - create IPUIPlugin
2025-06-07 13:34:27,032 [INFO] PluginManager:220 - loadIPPluginJar : add adc
2025-06-07 13:34:27,036 [INFO] IPUIPlugin:80 - create IPUIPlugin
2025-06-07 13:34:27,037 [INFO] PluginManager:220 - loadIPPluginJar : add aes
2025-06-07 13:34:27,041 [INFO] IPUIPlugin:80 - create IPUIPlugin
2025-06-07 13:34:27,041 [INFO] PluginManager:220 - loadIPPluginJar : add can
2025-06-07 13:34:27,045 [INFO] IPUIPlugin:80 - create IPUIPlugin
2025-06-07 13:34:27,045 [INFO] PluginManager:220 - loadIPPluginJar : add comp
2025-06-07 13:34:27,049 [INFO] IPUIPlugin:80 - create IPUIPlugin
2025-06-07 13:34:27,050 [INFO] PluginManager:220 - loadIPPluginJar : add cryp
2025-06-07 13:34:27,054 [INFO] IPUIPlugin:80 - create IPUIPlugin
2025-06-07 13:34:27,055 [INFO] PluginManager:220 - loadIPPluginJar : add ddr_ctrl_phy
2025-06-07 13:34:27,059 [INFO] IPUIPlugin:80 - create IPUIPlugin
2025-06-07 13:34:27,059 [INFO] PluginManager:220 - loadIPPluginJar : add dfsdm
2025-06-07 13:34:27,069 [INFO] IPUIPlugin:80 - create IPUIPlugin
2025-06-07 13:34:27,070 [INFO] PluginManager:220 - loadIPPluginJar : add dma
2025-06-07 13:34:27,075 [INFO] IPUIPlugin:80 - create IPUIPlugin
2025-06-07 13:34:27,075 [INFO] PluginManager:220 - loadIPPluginJar : add dma3
2025-06-07 13:34:27,080 [INFO] IPUIPlugin:80 - create IPUIPlugin
2025-06-07 13:34:27,080 [INFO] PluginManager:220 - loadIPPluginJar : add extmemmanager
2025-06-07 13:34:27,083 [INFO] IPUIPlugin:80 - create IPUIPlugin
2025-06-07 13:34:27,084 [INFO] PluginManager:220 - loadIPPluginJar : add fatfs
2025-06-07 13:34:27,091 [INFO] IPUIPlugin:80 - create IPUIPlugin
2025-06-07 13:34:27,091 [INFO] PluginManager:220 - loadIPPluginJar : add fmc
2025-06-07 13:34:27,100 [INFO] IPUIPlugin:80 - create IPUIPlugin
2025-06-07 13:34:27,100 [INFO] PluginManager:220 - loadIPPluginJar : add freertos
2025-06-07 13:34:27,102 [INFO] IPUIPlugin:80 - create IPUIPlugin
2025-06-07 13:34:27,103 [INFO] PluginManager:220 - loadIPPluginJar : add genericplugin
2025-06-07 13:34:27,106 [INFO] IPUIPlugin:80 - create IPUIPlugin
2025-06-07 13:34:27,107 [INFO] PluginManager:220 - loadIPPluginJar : add gfxmmu
2025-06-07 13:34:27,115 [INFO] IPUIPlugin:80 - create IPUIPlugin
2025-06-07 13:34:27,116 [INFO] PluginManager:220 - loadIPPluginJar : add gic
2025-06-07 13:34:27,123 [INFO] IPUIPlugin:80 - create IPUIPlugin
2025-06-07 13:34:27,123 [INFO] PluginManager:220 - loadIPPluginJar : add gpio
2025-06-07 13:34:27,128 [INFO] IPUIPlugin:80 - create IPUIPlugin
2025-06-07 13:34:27,128 [INFO] PluginManager:220 - loadIPPluginJar : add gtzc
2025-06-07 13:34:27,133 [INFO] IPUIPlugin:80 - create IPUIPlugin
2025-06-07 13:34:27,133 [INFO] PluginManager:220 - loadIPPluginJar : add hash
2025-06-07 13:34:27,137 [INFO] IPUIPlugin:80 - create IPUIPlugin
2025-06-07 13:34:27,138 [INFO] PluginManager:220 - loadIPPluginJar : add i2c
2025-06-07 13:34:27,142 [INFO] IPUIPlugin:80 - create IPUIPlugin
2025-06-07 13:34:27,142 [INFO] PluginManager:220 - loadIPPluginJar : add i2s
2025-06-07 13:34:27,147 [INFO] IPUIPlugin:80 - create IPUIPlugin
2025-06-07 13:34:27,147 [INFO] PluginManager:220 - loadIPPluginJar : add i3c
2025-06-07 13:34:27,153 [INFO] IPUIPlugin:80 - create IPUIPlugin
2025-06-07 13:34:27,153 [INFO] PluginManager:220 - loadIPPluginJar : add ipddr
2025-06-07 13:34:27,165 [INFO] IPUIPlugin:80 - create IPUIPlugin
2025-06-07 13:34:27,165 [INFO] PluginManager:220 - loadIPPluginJar : add linkedlist
2025-06-07 13:34:27,171 [INFO] IPUIPlugin:80 - create IPUIPlugin
2025-06-07 13:34:27,171 [INFO] PluginManager:220 - loadIPPluginJar : add lorawan
2025-06-07 13:34:27,173 [INFO] IPUIPlugin:80 - create IPUIPlugin
2025-06-07 13:34:27,173 [INFO] PluginManager:220 - loadIPPluginJar : add ltdc
2025-06-07 13:34:27,183 [INFO] IPUIPlugin:80 - create IPUIPlugin
2025-06-07 13:34:27,183 [INFO] PluginManager:220 - loadIPPluginJar : add mdma
2025-06-07 13:34:27,214 [INFO] IPUIPlugin:80 - create IPUIPlugin
2025-06-07 13:34:27,214 [INFO] PluginManager:220 - loadIPPluginJar : add nvic
2025-06-07 13:34:27,221 [INFO] IPUIPlugin:80 - create IPUIPlugin
2025-06-07 13:34:27,222 [INFO] PluginManager:220 - loadIPPluginJar : add opamp
2025-06-07 13:34:27,227 [INFO] IPUIPlugin:80 - create IPUIPlugin
2025-06-07 13:34:27,227 [INFO] PluginManager:220 - loadIPPluginJar : add openamp
2025-06-07 13:34:27,232 [INFO] IPUIPlugin:80 - create IPUIPlugin
2025-06-07 13:34:27,233 [INFO] PluginManager:220 - loadIPPluginJar : add pdm2pcm
2025-06-07 13:34:27,243 [INFO] IPUIPlugin:80 - create IPUIPlugin
2025-06-07 13:34:27,249 [INFO] PluginManager:220 - loadIPPluginJar : add plateformsettings
2025-06-07 13:34:27,252 [INFO] IPUIPlugin:80 - create IPUIPlugin
2025-06-07 13:34:27,252 [INFO] PluginManager:220 - loadIPPluginJar : add quadspi
2025-06-07 13:34:27,255 [INFO] IPUIPlugin:80 - create IPUIPlugin
2025-06-07 13:34:27,259 [INFO] PluginManager:220 - loadIPPluginJar : add radio
2025-06-07 13:34:27,264 [INFO] IPUIPlugin:80 - create IPUIPlugin
2025-06-07 13:34:27,265 [INFO] PluginManager:220 - loadIPPluginJar : add resmgrutility
2025-06-07 13:34:27,270 [INFO] IPUIPlugin:80 - create IPUIPlugin
2025-06-07 13:34:27,270 [INFO] PluginManager:220 - loadIPPluginJar : add sai
2025-06-07 13:34:27,275 [INFO] IPUIPlugin:80 - create IPUIPlugin
2025-06-07 13:34:27,276 [INFO] PluginManager:220 - loadIPPluginJar : add spi
2025-06-07 13:34:27,286 [INFO] IPUIPlugin:80 - create IPUIPlugin
2025-06-07 13:34:27,286 [INFO] PluginManager:220 - loadIPPluginJar : add stm32_wpan
2025-06-07 13:34:27,289 [INFO] IPUIPlugin:80 - create IPUIPlugin
2025-06-07 13:34:27,289 [INFO] PluginManager:220 - loadIPPluginJar : add tim
2025-06-07 13:34:27,295 [INFO] IPUIPlugin:80 - create IPUIPlugin
2025-06-07 13:34:27,295 [INFO] PluginManager:220 - loadIPPluginJar : add touchsensing
2025-06-07 13:34:27,299 [INFO] IPUIPlugin:80 - create IPUIPlugin
2025-06-07 13:34:27,299 [INFO] PluginManager:220 - loadIPPluginJar : add tracer_emb
2025-06-07 13:34:27,302 [INFO] IPUIPlugin:80 - create IPUIPlugin
2025-06-07 13:34:27,302 [INFO] PluginManager:220 - loadIPPluginJar : add ts
2025-06-07 13:34:27,306 [INFO] IPUIPlugin:80 - create IPUIPlugin
2025-06-07 13:34:27,306 [INFO] PluginManager:220 - loadIPPluginJar : add tsc
2025-06-07 13:34:27,309 [INFO] IPUIPlugin:80 - create IPUIPlugin
2025-06-07 13:34:27,309 [INFO] PluginManager:220 - loadIPPluginJar : add ucpd
2025-06-07 13:34:27,314 [INFO] IPUIPlugin:80 - create IPUIPlugin
2025-06-07 13:34:27,314 [INFO] PluginManager:220 - loadIPPluginJar : add usart
2025-06-07 13:34:27,320 [INFO] IPUIPlugin:80 - create IPUIPlugin
2025-06-07 13:34:27,321 [INFO] PluginManager:220 - loadIPPluginJar : add usbx
2025-06-07 13:34:27,494 [FATAL] Updater:351 - Updater called before beeing initialized
2025-06-07 13:34:27,536 [INFO] RulesReader:64 - Compatibility file has been processed (302 Rules)
2025-06-07 13:34:27,554 [INFO] RulesReader:64 - Compatibility file has been processed (302 Rules)
2025-06-07 13:34:27,566 [INFO] CADModel:165 - CPN selected for project level
2025-06-07 13:34:27,567 [INFO] CADModel:114 - Register for checkConnection events
2025-06-07 13:34:27,567 [FATAL] Updater:351 - Updater called before beeing initialized
2025-06-07 13:34:27,567 [ERROR] CADModel:125 - Updater not yet initialized, retry later 
2025-06-07 13:34:27,756 [FATAL] Updater:351 - Updater called before beeing initialized
2025-06-07 13:34:27,758 [INFO] CADModel:165 - CPN selected for project level
2025-06-07 13:34:27,759 [INFO] CADModel:114 - Register for checkConnection events
2025-06-07 13:34:27,759 [FATAL] Updater:351 - Updater called before beeing initialized
2025-06-07 13:34:27,759 [ERROR] CADModel:125 - Updater not yet initialized, retry later 
2025-06-07 13:34:27,765 [FATAL] Updater:351 - Updater called before beeing initialized
2025-06-07 13:34:27,951 [FATAL] Updater:351 - Updater called before beeing initialized
2025-06-07 13:34:27,958 [INFO] DbMcusAds:53 - JSON generation date=Wed May 07 11:07:55 CEST 2025 (1746608875679)
2025-06-07 13:34:27,958 [FATAL] Updater:351 - Updater called before beeing initialized
2025-06-07 13:34:28,015 [WARN] DetailPanel:346 - Failed to get advertising image, set to default
2025-06-07 13:34:28,392 [FATAL] Updater:351 - Updater called before beeing initialized
2025-06-07 13:34:28,395 [FATAL] Updater:351 - Updater called before beeing initialized
2025-06-07 13:34:28,395 [FATAL] Updater:351 - Updater called before beeing initialized
2025-06-07 13:34:28,395 [WARN] DetailPanel:346 - Failed to get advertising image, set to default
2025-06-07 13:34:28,396 [FATAL] Updater:351 - Updater called before beeing initialized
2025-06-07 13:34:28,469 [ERROR] Updater:1198 - MainUpdater not yet initialized. External WinMGr cannot be set.
2025-06-07 13:34:28,472 [INFO] Updater:1134 - Updater Version found : 6.14.1
2025-06-07 13:34:28,504 [INFO] ApplicationProperties:184 - Using Application install path: C:\ST\STM32CubeIDE_1.13.1\STM32CubeIDE\plugins\com.st.stm32cube.common.mx_6.14.1.202504091515
2025-06-07 13:34:29,320 [INFO] ThirdPartyUpdaterWithRetryManager:70 - Updater plugin not ready yet. [2/15]
2025-06-07 13:34:29,324 [INFO] MainUpdater:2872 - connection check result : 10
2025-06-07 13:34:29,325 [INFO] MainUpdater:289 - Updater Check For Update Now.
2025-06-07 13:34:29,326 [INFO] MicroXplorer:498 - Change Database Version : DB.6.0.141
2025-06-07 13:34:29,357 [INFO] McuFinderGlobals:63 - Set McuFinder mode to 2 (CubeIDE integrated)
2025-06-07 13:34:29,358 [INFO] UserAuth:484 - Internet connection configuration mode: 1
2025-06-07 13:34:29,435 [INFO] JxBrowserEngine:152 - Initiate JxBrowser Engine with user profile folder
2025-06-07 13:34:29,572 [INFO] CheckServerUpdateThread:120 - End of CheckServer Thread
2025-06-07 13:34:32,157 [INFO] WebApp:169 - Instantiating new browser for Auth
2025-06-07 13:34:32,820 [WARN] PackLoader:240 - Cannot read IP mode file for STMicroelectronics.FP-SNS-MOTENVWB1.1.4.0
2025-06-07 13:34:32,842 [WARN] PackLoader:240 - Cannot read IP mode file for STMicroelectronics.FP-ATR-ASTRA1.2.0.2
2025-06-07 13:34:32,850 [WARN] PackLoader:240 - Cannot read IP mode file for STMicroelectronics.FP-ATR-ASTRA1.2.0.1
2025-06-07 13:34:32,866 [WARN] PackLoader:240 - Cannot read IP mode file for STMicroelectronics.X-CUBE-SMBUS.2.1.0
2025-06-07 13:34:32,880 [WARN] PackLoader:240 - Cannot read IP mode file for STMicroelectronics.X-CUBE-WB05N.1.1.0
2025-06-07 13:34:32,888 [WARN] PackLoader:240 - Cannot read IP mode file for STMicroelectronics.X-CUBE-ST60.1.0.0
2025-06-07 13:34:32,898 [WARN] PackLoader:240 - Cannot read IP mode file for STMicroelectronics.X-CUBE-TOUCHGFX.4.23.0
2025-06-07 13:34:32,948 [WARN] PackLoader:240 - Cannot read IP mode file for STMicroelectronics.X-CUBE-AZRTOS-F7.1.1.0
2025-06-07 13:34:32,965 [WARN] PackLoader:240 - Cannot read IP mode file for STMicroelectronics.FP-SNS-MOTENV1.4.3.2
2025-06-07 13:34:32,975 [WARN] PackLoader:240 - Cannot read IP mode file for STMicroelectronics.FP-SNS-FLIGHT1.5.0.2
2025-06-07 13:34:32,987 [WARN] PackLoader:240 - Cannot read IP mode file for STMicroelectronics.X-CUBE-DISPLAY.3.0.0
2025-06-07 13:34:33,003 [WARN] PackLoader:240 - Cannot read IP mode file for STMicroelectronics.X-CUBE-BLE1.7.0.0
2025-06-07 13:34:33,018 [WARN] PackLoader:240 - Cannot read IP mode file for STMicroelectronics.X-CUBE-NFC10.1.0.0
2025-06-07 13:34:33,040 [WARN] PackLoader:240 - Cannot read IP mode file for STMicroelectronics.X-CUBE-BLEMGR.4.0.0
2025-06-07 13:34:33,054 [WARN] PackLoader:240 - Cannot read IP mode file for emotas.I-CUBE-CANOPEN.1.3.0
2025-06-07 13:34:33,061 [WARN] PackLoader:240 - Cannot read IP mode file for STMicroelectronics.X-CUBE-TOUCHGFX.4.22.0
2025-06-07 13:34:33,067 [WARN] PackLoader:240 - Cannot read IP mode file for STMicroelectronics.X-CUBE-TOUCHGFX.4.22.1
2025-06-07 13:34:33,081 [WARN] PackLoader:240 - Cannot read IP mode file for STMicroelectronics.X-CUBE-BLEMGR.3.1.0
2025-06-07 13:34:33,093 [WARN] PackLoader:240 - Cannot read IP mode file for STMicroelectronics.X-CUBE-AI.10.0.0
2025-06-07 13:34:33,105 [WARN] PackLoader:240 - Cannot read IP mode file for STMicroelectronics.FP-SNS-SMARTAG2.1.2.0
2025-06-07 13:34:33,116 [WARN] PackLoader:240 - Cannot read IP mode file for STMicroelectronics.FP-SNS-FLIGHT1.5.1.0
2025-06-07 13:34:33,316 [WARN] PackLoader:240 - Cannot read IP mode file for STMicroelectronics.X-CUBE-MEMS1.11.1.0
2025-06-07 13:34:33,673 [INFO] LogOutputStream:77 - [STDOUT_REDIRECT] 1 : Invalid condition id : UX_CORESTACK_Condition cause : null
2025-06-07 13:34:33,674 [INFO] LogOutputStream:77 - [STDOUT_REDIRECT] 1 : Invalid condition id : UX_CORESTACK_Condition cause : null
2025-06-07 13:34:33,675 [INFO] LogOutputStream:77 - [STDOUT_REDIRECT] 1 : Invalid condition id : UX_CORESTACK_Condition cause : null
2025-06-07 13:34:33,677 [INFO] LogOutputStream:77 - [STDOUT_REDIRECT] 1 : Invalid condition id : UX_CORESTACK_Condition cause : null
2025-06-07 13:34:33,679 [INFO] LogOutputStream:77 - [STDOUT_REDIRECT] 1 : Invalid condition id : UX_CORESTACK_Condition cause : null
2025-06-07 13:34:33,682 [WARN] PackLoader:240 - Cannot read IP mode file for STMicroelectronics.X-CUBE-AZRTOS-WL.2.0.0
2025-06-07 13:34:33,689 [WARN] PackLoader:240 - Cannot read IP mode file for STMicroelectronics.FP-SNS-MOTENV1.5.0.0
2025-06-07 13:34:33,698 [WARN] PackLoader:240 - Cannot read IP mode file for wolfSSL.I-CUBE-wolfMQTT.1.19.0
2025-06-07 13:34:33,708 [WARN] PackLoader:240 - Cannot read IP mode file for WES.I-CUBE-Cesium.1.3.0
2025-06-07 13:34:33,716 [WARN] PackLoader:240 - Cannot read IP mode file for STMicroelectronics.X-CUBE-BLE2.3.3.0
2025-06-07 13:34:33,730 [WARN] PackLoader:240 - Cannot read IP mode file for STMicroelectronics.X-CUBE-NFC9.1.0.0
2025-06-07 13:34:33,738 [WARN] PackLoader:240 - Cannot read IP mode file for STMicroelectronics.X-CUBE-BLE1.7.1.0
2025-06-07 13:34:33,743 [WARN] PackLoader:240 - Cannot read IP mode file for STMicroelectronics.X-CUBE-AI.10.1.0
2025-06-07 13:34:33,751 [WARN] PackLoader:240 - Cannot read IP mode file for STMicroelectronics.X-CUBE-ALGOBUILD.1.3.0
2025-06-07 13:34:33,823 [WARN] PackLoader:240 - Cannot read IP mode file for STMicroelectronics.X-CUBE-MEMS1.11.2.0
2025-06-07 13:34:33,946 [WARN] PackLoader:240 - Cannot read IP mode file for STMicroelectronics.X-CUBE-AZRTOS-G0.1.1.0
2025-06-07 13:34:33,957 [WARN] PackLoader:240 - Cannot read IP mode file for STMicroelectronics.X-CUBE-SAFEA1.1.2.2
2025-06-07 13:34:33,967 [WARN] PackLoader:240 - Cannot read IP mode file for STMicroelectronics.X-CUBE-NFC4.3.0.0
2025-06-07 13:34:33,979 [WARN] PackLoader:240 - Cannot read IP mode file for EmbeddedOffice.I-CUBE-FS-RTOS.1.0.1
2025-06-07 13:34:33,986 [WARN] PackLoader:240 - Cannot read IP mode file for STMicroelectronics.X-CUBE-WB05N.2.0.0
2025-06-07 13:34:33,997 [WARN] PackLoader:240 - Cannot read IP mode file for STMicroelectronics.X-CUBE-BLEMGR.3.0.0
2025-06-07 13:34:34,006 [WARN] PackLoader:240 - Cannot read IP mode file for STMicroelectronics.X-CUBE-TCPP.4.2.0
2025-06-07 13:34:34,014 [WARN] PackLoader:240 - Cannot read IP mode file for RealThread.X-CUBE-RT-Thread_Nano.4.1.1
2025-06-07 13:34:34,029 [WARN] PackLoader:240 - Cannot read IP mode file for STMicroelectronics.FP-ATR-SIGFOX1.3.2.0
2025-06-07 13:34:34,035 [WARN] ConditionMgr:438 - getConditionDescription Invalid condition id : Cortex-A Device cause : null
2025-06-07 13:34:34,054 [WARN] ConditionMgr:1044 - genDependencies : Invalid condition id : Cortex-A Device cause : null
2025-06-07 13:34:34,054 [WARN] ConditionMgr:1044 - genDependencies : Invalid condition id : Cortex-A Device cause : null
2025-06-07 13:34:34,054 [WARN] ConditionMgr:1044 - genDependencies : Invalid condition id : Cortex-A Device cause : null
2025-06-07 13:34:34,062 [WARN] PackLoader:240 - Cannot read IP mode file for STMicroelectronics.X-CUBE-EEPRMA1.5.1.0
2025-06-07 13:34:34,072 [WARN] PackLoader:240 - Cannot read IP mode file for STMicroelectronics.X-CUBE-ST67W61.1.0.0
2025-06-07 13:34:34,110 [WARN] PackLoader:240 - Cannot read IP mode file for SEGGER.I-CUBE-embOS.1.3.1
2025-06-07 13:34:34,154 [WARN] PackLoader:240 - Cannot read IP mode file for STMicroelectronics.X-CUBE-ALGOBUILD.1.4.0
2025-06-07 13:34:34,161 [WARN] PackLoader:240 - Cannot read IP mode file for STMicroelectronics.X-CUBE-GNSS1.6.0.0
2025-06-07 13:34:34,181 [WARN] PackLoader:240 - Cannot read IP mode file for STMicroelectronics.X-CUBE-AZRTOS-F4.1.1.0
2025-06-07 13:34:34,189 [WARN] PackLoader:240 - Cannot read IP mode file for wolfSSL.I-CUBE-wolfSSL.5.6.3
2025-06-07 13:34:34,195 [WARN] PackLoader:240 - Cannot read IP mode file for Avnet-IotConnect.X-CUBE-IoTC-DA16k-PMOD.1.0.0
2025-06-07 13:34:34,201 [WARN] PackLoader:240 - Cannot read IP mode file for STMicroelectronics.X-CUBE-ISPU.2.1.0
2025-06-07 13:34:34,228 [WARN] PackLoader:240 - Cannot read IP mode file for STMicroelectronics.X-CUBE-AZRTOS-L5.2.0.0
2025-06-07 13:34:34,278 [WARN] PackLoader:240 - Cannot read IP mode file for STMicroelectronics.X-CUBE-MEMS1.9.6.0
2025-06-07 13:34:34,523 [WARN] PackLoader:240 - Cannot read IP mode file for STMicroelectronics.X-CUBE-EEPRMA1.4.2.0
2025-06-07 13:34:34,535 [WARN] PackLoader:240 - Cannot read IP mode file for STMicroelectronics.X-CUBE-NFC6.3.1.0
2025-06-07 13:34:34,545 [WARN] PackLoader:240 - Cannot read IP mode file for ITTIA_DB.I-CUBE-ITTIADB.8.8.0
2025-06-07 13:34:34,554 [WARN] PackLoader:240 - Cannot read IP mode file for STMicroelectronics.X-CUBE-BLEMGR.2.0.0
2025-06-07 13:34:34,585 [WARN] PackLoader:240 - Cannot read IP mode file for STMicroelectronics.X-CUBE-DPower.1.2.0
2025-06-07 13:34:34,609 [WARN] ConditionMgr:438 - getConditionDescription Invalid condition id : UX DEVICE CLASS RTOS Condition cause : null
2025-06-07 13:34:34,609 [WARN] ConditionMgr:438 - getConditionDescription Invalid condition id : UX DEVICE CLASS RTOS Condition cause : null
2025-06-07 13:34:34,615 [WARN] PackLoader:240 - Cannot read IP mode file for STMicroelectronics.X-CUBE-AZRTOS-H7.3.1.0
2025-06-07 13:34:34,616 [WARN] ConditionMgr:1044 - genDependencies : Invalid condition id : UX DEVICE CLASS RTOS Condition cause : null
2025-06-07 13:34:34,616 [WARN] ConditionMgr:1044 - genDependencies : Invalid condition id : UX DEVICE CLASS RTOS Condition cause : null
2025-06-07 13:34:34,617 [WARN] ConditionMgr:1044 - genDependencies : Invalid condition id : UX DEVICE CLASS RTOS Condition cause : null
2025-06-07 13:34:34,618 [WARN] ConditionMgr:1044 - genDependencies : Invalid condition id : UX DEVICE CLASS RTOS Condition cause : null
2025-06-07 13:34:34,618 [WARN] ConditionMgr:1044 - genDependencies : Invalid condition id : UX DEVICE CLASS RTOS Condition cause : null
2025-06-07 13:34:34,633 [WARN] PackLoader:240 - Cannot read IP mode file for STMicroelectronics.X-CUBE-FREERTOS.1.3.1
2025-06-07 13:34:34,640 [WARN] PackLoader:240 - Cannot read IP mode file for STMicroelectronics.X-CUBE-FREERTOS.1.3.0
2025-06-07 13:34:34,650 [WARN] PackLoader:240 - Cannot read IP mode file for STMicroelectronics.X-CUBE-NFC7.1.0.1
2025-06-07 13:34:34,662 [WARN] PackLoader:240 - Cannot read IP mode file for STMicroelectronics.X-CUBE-NFC6.3.0.0
2025-06-07 13:34:34,671 [WARN] PackLoader:240 - Cannot read IP mode file for STMicroelectronics.X-CUBE-EEPRMA1.4.1.0
2025-06-07 13:34:34,678 [WARN] PackLoader:240 - Cannot read IP mode file for STMicroelectronics.X-CUBE-DPower.1.3.0
2025-06-07 13:34:34,684 [WARN] PackLoader:240 - Cannot read IP mode file for STMicroelectronics.X-CUBE-AI.8.1.0
2025-06-07 13:34:34,709 [WARN] ConditionMgr:438 - getConditionDescription Invalid condition id : LAN8742 Phy interface Condition cause : null
2025-06-07 13:34:34,710 [WARN] PackLoader:240 - Cannot read IP mode file for STMicroelectronics.X-CUBE-AZRTOS-L4.2.0.0
2025-06-07 13:34:34,711 [WARN] ConditionMgr:1044 - genDependencies : Invalid condition id : LAN8742 Phy interface Condition cause : null
2025-06-07 13:34:34,712 [WARN] ConditionMgr:1044 - genDependencies : Invalid condition id : LAN8742 Phy interface Condition cause : null
2025-06-07 13:34:34,712 [WARN] ConditionMgr:1044 - genDependencies : Invalid condition id : LAN8742 Phy interface Condition cause : null
2025-06-07 13:34:34,722 [WARN] PackLoader:240 - Cannot read IP mode file for STMicroelectronics.X-CUBE-SFXS2LP1.4.0.0
2025-06-07 13:34:34,729 [WARN] PackLoader:240 - Cannot read IP mode file for STMicroelectronics.X-CUBE-ISPU.1.1.0
2025-06-07 13:34:34,776 [WARN] PackLoader:240 - Cannot read IP mode file for STMicroelectronics.X-CUBE-AZRTOS-H7.3.3.0
2025-06-07 13:34:34,801 [WARN] ConditionMgr:438 - getConditionDescription Invalid condition id : UX DEVICE CLASS RTOS Condition cause : null
2025-06-07 13:34:34,801 [WARN] ConditionMgr:438 - getConditionDescription Invalid condition id : UX DEVICE CLASS RTOS Condition cause : null
2025-06-07 13:34:34,803 [WARN] PackLoader:240 - Cannot read IP mode file for STMicroelectronics.X-CUBE-AZRTOS-WB.2.0.0
2025-06-07 13:34:34,804 [WARN] ConditionMgr:1044 - genDependencies : Invalid condition id : UX DEVICE CLASS RTOS Condition cause : null
2025-06-07 13:34:34,804 [WARN] ConditionMgr:1044 - genDependencies : Invalid condition id : UX DEVICE CLASS RTOS Condition cause : null
2025-06-07 13:34:34,805 [WARN] ConditionMgr:1044 - genDependencies : Invalid condition id : UX DEVICE CLASS RTOS Condition cause : null
2025-06-07 13:34:34,805 [WARN] ConditionMgr:1044 - genDependencies : Invalid condition id : UX DEVICE CLASS RTOS Condition cause : null
2025-06-07 13:34:34,806 [WARN] ConditionMgr:1044 - genDependencies : Invalid condition id : UX DEVICE CLASS RTOS Condition cause : null
2025-06-07 13:34:34,813 [WARN] PackLoader:240 - Cannot read IP mode file for STMicroelectronics.X-CUBE-GNSS1.7.0.1
2025-06-07 13:34:34,818 [WARN] PackLoader:240 - Cannot read IP mode file for STMicroelectronics.X-CUBE-TOUCHGFX.4.25.0
2025-06-07 13:34:34,826 [WARN] PackLoader:240 - Cannot read IP mode file for STMicroelectronics.FP-SNS-STBOX1.2.0.0
2025-06-07 13:34:34,843 [WARN] PackLoader:240 - Cannot read IP mode file for STMicroelectronics.X-CUBE-SUBG2.5.0.0
2025-06-07 13:34:34,868 [WARN] PackLoader:240 - Cannot read IP mode file for STMicroelectronics.X-CUBE-AZRTOS-H7RS.1.1.0
2025-06-07 13:34:34,879 [WARN] PackLoader:240 - Cannot read IP mode file for Cesanta.I-CUBE-Mongoose.7.13.0
2025-06-07 13:34:34,893 [WARN] PackLoader:240 - Cannot read IP mode file for STMicroelectronics.X-CUBE-TOF1.3.3.1
2025-06-07 13:34:34,922 [WARN] PackLoader:240 - Cannot read IP mode file for STMicroelectronics.X-CUBE-AZRTOS-G4.2.0.0
2025-06-07 13:34:34,938 [WARN] PackLoader:240 - Cannot read IP mode file for Infineon.AIROC-Wi-Fi-Bluetooth-STM32.1.5.1
2025-06-07 13:34:34,946 [WARN] PackLoader:240 - Cannot read IP mode file for STMicroelectronics.FP-SNS-MOTENVWB1.1.3.0
2025-06-07 13:34:34,951 [WARN] PackLoader:240 - Cannot read IP mode file for STMicroelectronics.X-CUBE-NFC7.2.0.0
2025-06-07 13:34:34,957 [WARN] PackLoader:240 - Cannot read IP mode file for STMicroelectronics.FP-SNS-MOTENVWB1.1.3.1
2025-06-07 13:34:34,964 [WARN] PackLoader:240 - Cannot read IP mode file for STMicroelectronics.X-CUBE-ISPU.2.0.0
2025-06-07 13:34:34,978 [WARN] PackLoader:240 - Cannot read IP mode file for STMicroelectronics.X-CUBE-IPS.3.1.0
2025-06-07 13:34:34,990 [WARN] PackLoader:240 - Cannot read IP mode file for STMicroelectronics.X-CUBE-ALS.1.0.2
2025-06-07 13:34:35,031 [WARN] PackLoader:240 - Cannot read IP mode file for STMicroelectronics.X-CUBE-MEMS1.10.0.0
2025-06-07 13:34:35,347 [WARN] PackLoader:240 - Cannot read IP mode file for STMicroelectronics.X-CUBE-FREERTOS.1.1.0
2025-06-07 13:34:35,353 [WARN] PackLoader:240 - Cannot read IP mode file for STMicroelectronics.X-CUBE-TOUCHGFX.4.24.2
2025-06-07 13:34:35,361 [WARN] PackLoader:240 - Cannot read IP mode file for wolfSSL.I-CUBE-wolfTPM.3.4.0
2025-06-07 13:34:35,389 [WARN] PackLoader:240 - Cannot read IP mode file for portGmbH.I-Cube-SoM-uGOAL.1.1.0
2025-06-07 13:34:35,394 [WARN] PackLoader:240 - Cannot read IP mode file for STMicroelectronics.X-CUBE-ALS.1.0.1
2025-06-07 13:34:35,435 [WARN] PackLoader:240 - Cannot read IP mode file for STMicroelectronics.X-CUBE-AZRTOS-H7RS.1.0.0
2025-06-07 13:34:35,442 [WARN] PackLoader:240 - Cannot read IP mode file for STMicroelectronics.FP-ATR-ASTRA1.2.0.0
2025-06-07 13:34:35,453 [WARN] PackLoader:240 - Cannot read IP mode file for STMicroelectronics.X-CUBE-TOF1.3.4.2
2025-06-07 13:34:35,474 [WARN] PackLoader:240 - Cannot read IP mode file for STMicroelectronics.X-CUBE-TOF1.3.4.3
2025-06-07 13:34:35,494 [WARN] PackLoader:240 - Cannot read IP mode file for STMicroelectronics.X-CUBE-TOF1.3.4.0
2025-06-07 13:34:35,536 [WARN] PackLoader:240 - Cannot read IP mode file for STMicroelectronics.X-CUBE-AZRTOS-H7.3.2.0
2025-06-07 13:34:35,544 [WARN] PackLoader:240 - Cannot read IP mode file for wolfSSL.I-CUBE-wolfSSH.1.4.17
2025-06-07 13:34:35,547 [INFO] ThirdParty:978 - Integrity check success = true
2025-06-07 13:34:35,548 [INFO] IntegrityCheckThread:100 - exiting critical section [integrity check]
2025-06-07 13:34:35,548 [INFO] IntegrityCheckThread:103 - End integrity checks thread
2025-06-07 13:34:35,850 [INFO] WebApp:463 - Apply proxy settings
2025-06-07 13:34:35,851 [INFO] WebApp:548 - Chromium requires no authentication
2025-06-07 13:34:35,872 [INFO] WebApp:491 - Direct internet connection detected
2025-06-07 13:34:35,917 [INFO] WebApp:894 - Register for checkConnection events
2025-06-07 13:34:35,917 [INFO] WebApp:463 - Apply proxy settings
2025-06-07 13:34:35,918 [INFO] WebApp:548 - Chromium requires no authentication
2025-06-07 13:34:35,918 [INFO] WebApp:491 - Direct internet connection detected
2025-06-07 13:34:36,265 [INFO] WebApp:225 - Starting web application
2025-06-07 13:34:36,266 [INFO] WebApp:593 - Web application path used C:\ST\STM32CubeIDE_1.13.1\STM32CubeIDE\plugins\com.st.stm32cube.common.mx_6.14.1.202504091515\db\plugins\mcufinder\reactClient1\index.html
2025-06-07 13:34:36,660 [INFO] WebApp:191 - Connection restablished
2025-06-07 13:34:36,876 [INFO] UserAuth:484 - Internet connection configuration mode: 1
2025-06-07 13:52:15,782 [INFO] WebApp:194 - Connection lost
2025-06-07 13:52:15,915 [INFO] WebApp:191 - Connection restablished
2025-06-07 13:54:34,765 [INFO] WebApp:194 - Connection lost
2025-06-07 13:54:34,930 [INFO] WebApp:191 - Connection restablished
2025-06-07 13:57:36,748 [INFO] WebApp:194 - Connection lost
2025-06-07 13:57:36,940 [INFO] WebApp:191 - Connection restablished
2025-06-07 14:01:47,259 [INFO] WebApp:194 - Connection lost
2025-06-07 14:01:47,470 [INFO] WebApp:191 - Connection restablished
2025-06-07 14:01:57,236 [INFO] WebApp:194 - Connection lost
2025-06-07 14:01:57,389 [INFO] WebApp:191 - Connection restablished
2025-06-07 14:02:07,235 [INFO] WebApp:194 - Connection lost
2025-06-07 14:02:07,389 [INFO] WebApp:191 - Connection restablished
2025-06-07 14:34:37,225 [INFO] WebApp:194 - Connection lost
2025-06-07 14:34:37,408 [INFO] WebApp:191 - Connection restablished
2025-06-07 15:18:49,905 [INFO] WebApp:194 - Connection lost
2025-06-07 15:18:50,137 [INFO] WebApp:191 - Connection restablished
2025-06-07 15:27:28,741 [INFO] WebApp:194 - Connection lost
2025-06-07 15:27:28,919 [INFO] WebApp:191 - Connection restablished
2025-06-07 15:28:35,295 [INFO] WebApp:194 - Connection lost
2025-06-07 15:28:35,438 [INFO] WebApp:191 - Connection restablished
2025-06-07 15:35:00,900 [INFO] WebApp:194 - Connection lost
2025-06-07 15:35:01,168 [INFO] WebApp:191 - Connection restablished
2025-06-07 18:09:13,293 [INFO] WebApp:194 - Connection lost
2025-06-07 18:09:32,592 [INFO] WebApp:191 - Connection restablished
2025-06-07 20:10:07,540 [ERROR] LogOutputStream:75 - [STDERR_REDIRECT] 
