2025-05-23 11:58:43,507 [INFO] Activator:176 - 


2025-05-23 11:58:43,516 [INFO] Activator:177 - !SESSION log4j initialized
2025-05-23 11:58:54,311 [INFO] LogOutputStream:77 - [STDOUT_REDIRECT] 
2025-05-23 11:59:00,118 [INFO] ApplicationProperties:184 - Using Application install path: C:\ST\STM32CubeIDE_1.13.1\STM32CubeIDE\plugins\com.st.stm32cube.common.mx_6.14.1.202504091515
2025-05-23 11:59:00,153 [INFO] DbMcusXml:78 - Set database path to: C:\ST\STM32CubeIDE_1.13.1\STM32CubeIDE\plugins\com.st.stm32cube.common.mx_6.14.1.202504091515\\db\/mcu/
2025-05-23 11:59:00,154 [INFO] ApiDb:274 - Set plugin database path to: C:\ST\STM32CubeIDE_1.13.1\STM32CubeIDE\plugins\com.st.stm32cube.common.mx_6.14.1.202504091515\\db\/plugins/boardmanager/
2025-05-23 11:59:00,154 [WARN] ApiDb:259 - Overriding images path with different value:  => C:\ST\STM32CubeIDE_1.13.1\STM32CubeIDE\plugins\com.st.stm32cube.common.mx_6.14.1.202504091515\\db\/plugins/mcufinder/images/
2025-05-23 11:59:00,174 [INFO] ApiDb:250 - Set database path to: C:\Users\amozd\.stmcufinder\plugins\mcufinder//mcu/
2025-05-23 11:59:00,176 [INFO] DbMcusAds:125 - Set database path to: C:\Users\amozd\.stmcufinder\plugins\mcufinder//mcu/
2025-05-23 11:59:00,181 [INFO] CrossReferenceDbSqlite:203 - Set database path to: C:\Users\amozd\.stmcufinder\plugins\mcufinder//mcu/cs/
2025-05-23 11:59:00,404 [INFO] RulesReader:64 - Compatibility file has been processed (302 Rules)
2025-05-23 11:59:00,575 [INFO] DbMcusXml:78 - Set database path to: C:\ST\STM32CubeIDE_1.13.1\STM32CubeIDE\plugins\com.st.stm32cube.common.mx_6.14.1.202504091515\\db\/mcu/
2025-05-23 11:59:00,575 [INFO] ApiDb:274 - Set plugin database path to: C:\ST\STM32CubeIDE_1.13.1\STM32CubeIDE\plugins\com.st.stm32cube.common.mx_6.14.1.202504091515\\db\/plugins/boardmanager/
2025-05-23 11:59:00,576 [INFO] ApiDb:261 - Set plugin images path to: C:\ST\STM32CubeIDE_1.13.1\STM32CubeIDE\plugins\com.st.stm32cube.common.mx_6.14.1.202504091515\\db\/plugins/mcufinder/images/
2025-05-23 11:59:00,576 [WARN] DbFile:41 - Overriding database path with different value: C:\Users\amozd\.stmcufinder\plugins\mcufinder/ => C:\Users\amozd\.stmcufinder\plugins\mcufinder
2025-05-23 11:59:00,576 [INFO] ApiDb:250 - Set database path to: C:\Users\amozd\.stmcufinder\plugins\mcufinder//mcu/
2025-05-23 11:59:00,577 [WARN] DbFile:41 - Overriding database path with different value: C:\Users\amozd\.stmcufinder\plugins\mcufinder/ => C:\Users\amozd\.stmcufinder\plugins\mcufinder
2025-05-23 11:59:00,577 [INFO] DbMcusAds:125 - Set database path to: C:\Users\amozd\.stmcufinder\plugins\mcufinder//mcu/
2025-05-23 11:59:00,577 [WARN] DbFile:41 - Overriding database path with different value: C:\Users\amozd\.stmcufinder\plugins\mcufinder/ => C:\Users\amozd\.stmcufinder\plugins\mcufinder
2025-05-23 11:59:00,577 [WARN] DbFile:41 - Overriding database path with different value: C:\Users\amozd\.stmcufinder\plugins\mcufinder/ => C:\Users\amozd\.stmcufinder\plugins\mcufinder
2025-05-23 11:59:00,577 [INFO] CrossReferenceDbSqlite:203 - Set database path to: C:\Users\amozd\.stmcufinder\plugins\mcufinder//mcu/cs/
2025-05-23 11:59:00,829 [INFO] MainPanel:272 - HeapMemory: 268435456
2025-05-23 11:59:01,254 [INFO] DbMcusXml:78 - Set database path to: C:\ST\STM32CubeIDE_1.13.1\STM32CubeIDE\plugins\com.st.stm32cube.common.mx_6.14.1.202504091515\\db\/mcu/
2025-05-23 11:59:01,254 [INFO] ApiDb:274 - Set plugin database path to: C:\ST\STM32CubeIDE_1.13.1\STM32CubeIDE\plugins\com.st.stm32cube.common.mx_6.14.1.202504091515\\db\/plugins/boardmanager/
2025-05-23 11:59:01,254 [INFO] ApiDb:261 - Set plugin images path to: C:\ST\STM32CubeIDE_1.13.1\STM32CubeIDE\plugins\com.st.stm32cube.common.mx_6.14.1.202504091515\\db\/plugins/mcufinder/images/
2025-05-23 11:59:01,255 [WARN] DbFile:41 - Overriding database path with different value: C:\Users\amozd\.stmcufinder\plugins\mcufinder/ => C:\Users\amozd\.stmcufinder\plugins\mcufinder
2025-05-23 11:59:01,255 [INFO] ApiDb:250 - Set database path to: C:\Users\amozd\.stmcufinder\plugins\mcufinder//mcu/
2025-05-23 11:59:01,255 [WARN] DbFile:41 - Overriding database path with different value: C:\Users\amozd\.stmcufinder\plugins\mcufinder/ => C:\Users\amozd\.stmcufinder\plugins\mcufinder
2025-05-23 11:59:01,256 [INFO] DbMcusAds:125 - Set database path to: C:\Users\amozd\.stmcufinder\plugins\mcufinder//mcu/
2025-05-23 11:59:01,256 [WARN] DbFile:41 - Overriding database path with different value: C:\Users\amozd\.stmcufinder\plugins\mcufinder/ => C:\Users\amozd\.stmcufinder\plugins\mcufinder
2025-05-23 11:59:01,256 [WARN] DbFile:41 - Overriding database path with different value: C:\Users\amozd\.stmcufinder\plugins\mcufinder/ => C:\Users\amozd\.stmcufinder\plugins\mcufinder
2025-05-23 11:59:01,256 [INFO] CrossReferenceDbSqlite:203 - Set database path to: C:\Users\amozd\.stmcufinder\plugins\mcufinder//mcu/cs/
2025-05-23 11:59:01,301 [INFO] ApplicationProperties:184 - Using Application install path: C:\ST\STM32CubeIDE_1.13.1\STM32CubeIDE\plugins\com.st.stm32cube.common.mx_6.14.1.202504091515
2025-05-23 11:59:01,304 [INFO] PluginManage:196 - Search for loadable plugins [exclusion list=, ]
2025-05-23 11:59:01,306 [INFO] PluginManage:310 - Check plugin analytics
2025-05-23 11:59:01,687 [INFO] AnalyticsPlugin:253 - Accepted Software Licenses: 
2025-05-23 11:59:01,687 [INFO] AnalyticsPlugin:255 - Accepted CMSIS Pack Licenses: 
2025-05-23 11:59:01,688 [INFO] AnalyticsPlugin:257 - Accepted Firmware Licenses: FW.F4.1.27.0
2025-05-23 11:59:01,693 [INFO] PluginManage:359 - Loaded plugin analytics (category:tool,tabindex:-1)
2025-05-23 11:59:01,694 [INFO] PluginManage:310 - Check plugin cadmodel
2025-05-23 11:59:01,738 [INFO] CADModel:105 - Init CAD model plugin
2025-05-23 11:59:01,739 [INFO] PluginManage:359 - Loaded plugin cadmodel (category:power,tabindex:5)
2025-05-23 11:59:01,739 [INFO] PluginManage:310 - Check plugin clock
2025-05-23 11:59:01,786 [INFO] PluginManage:359 - Loaded plugin clock (category:base,tabindex:2)
2025-05-23 11:59:01,786 [INFO] PluginManage:310 - Check plugin ddr
2025-05-23 11:59:01,796 [INFO] PluginManage:359 - Loaded plugin ddr (category:tool,tabindex:6)
2025-05-23 11:59:01,796 [INFO] PluginManage:310 - Check plugin filemanager
2025-05-23 11:59:02,097 [INFO] PluginManage:359 - Loaded plugin filemanager (category:base,tabindex:10)
2025-05-23 11:59:02,097 [INFO] PluginManage:310 - Check plugin ipmanager
2025-05-23 11:59:02,108 [INFO] PluginManage:359 - Loaded plugin ipmanager (category:base,tabindex:5)
2025-05-23 11:59:02,110 [INFO] PluginManage:310 - Check plugin lpbam
2025-05-23 11:59:02,147 [INFO] PluginManage:359 - Loaded plugin lpbam (category:base,tabindex:0)
2025-05-23 11:59:02,149 [INFO] PluginManage:310 - Check plugin memorymap
2025-05-23 11:59:02,260 [INFO] PluginManage:359 - Loaded plugin memorymap (category:base,tabindex:4)
2025-05-23 11:59:02,260 [INFO] PluginManage:310 - Check plugin pinoutandconfiguration
2025-05-23 11:59:02,312 [INFO] PluginManage:359 - Loaded plugin pinoutandconfiguration (category:base,tabindex:1)
2025-05-23 11:59:02,312 [INFO] PluginManage:310 - Check plugin pinoutconfig
2025-05-23 11:59:02,511 [WARN] SupportedApi:132 - Cannot load RTOS API schema: s4s-elt-must-match.1: The content of 'definitions' must match (annotation?, (simpleType | complexType)?, (unique | key | keyref)*)). A problem was found starting at: attribute.
2025-05-23 11:59:02,794 [INFO] PluginManage:359 - Loaded plugin pinoutconfig (category:base,tabindex:0)
2025-05-23 11:59:02,794 [INFO] PluginManage:310 - Check plugin power
2025-05-23 11:59:02,839 [INFO] PluginManage:359 - Loaded plugin power (category:power,tabindex:4)
2025-05-23 11:59:02,839 [INFO] PluginManage:310 - Check plugin projectmanager
2025-05-23 11:59:02,871 [INFO] PluginManage:359 - Loaded plugin projectmanager (category:projectmanager,tabindex:4)
2025-05-23 11:59:02,872 [INFO] PluginManage:310 - Check plugin rif
2025-05-23 11:59:02,910 [INFO] PluginManage:359 - Loaded plugin rif (category:base,tabindex:3)
2025-05-23 11:59:02,911 [INFO] PluginManage:310 - Check plugin thirdparty
2025-05-23 11:59:03,529 [INFO] PluginManage:359 - Loaded plugin thirdparty (category:base,tabindex:-1)
2025-05-23 11:59:03,529 [WARN] IntegrityCheckThread:84 - waiting for thirdparty lock release [integrity check]
2025-05-23 11:59:03,529 [INFO] PluginManage:310 - Check plugin tools
2025-05-23 11:59:03,529 [INFO] IntegrityCheckThread:86 - entering critical section [integrity check]
2025-05-23 11:59:03,530 [INFO] ThirdPartyUpdaterWithRetryManager:70 - Updater plugin not ready yet. [1/15]
2025-05-23 11:59:03,617 [INFO] PluginManage:359 - Loaded plugin tools (category:base,tabindex:7)
2025-05-23 11:59:03,618 [INFO] PluginManage:310 - Check plugin tutovideos
2025-05-23 11:59:03,997 [INFO] PluginManage:359 - Loaded plugin tutovideos (category:base,tabindex:-1)
2025-05-23 11:59:03,997 [INFO] PluginManage:310 - Check plugin updater
2025-05-23 11:59:04,034 [INFO] PluginManage:359 - Loaded plugin updater (category:base,tabindex:12)
2025-05-23 11:59:04,034 [INFO] PluginManage:310 - Check plugin userauth
2025-05-23 11:59:04,041 [INFO] UserAuth:118 - Init User Auth plugin
2025-05-23 11:59:04,042 [INFO] PluginManage:359 - Loaded plugin userauth (category:base,tabindex:14)
2025-05-23 11:59:04,043 [INFO] PluginManage:283 - PluginManage : Loaded plugins [18]
2025-05-23 11:59:04,437 [INFO] PinOutPanel:1589 - setPackage(No Configuration,No Configuration)
2025-05-23 11:59:04,616 [INFO] CADModel:165 - CPN selected for project level
2025-05-23 11:59:04,617 [INFO] CADModel:114 - Register for checkConnection events
2025-05-23 11:59:04,677 [INFO] IPUIPlugin:80 - create IPUIPlugin
2025-05-23 11:59:04,678 [INFO] PluginManager:220 - loadIPPluginJar : add adc
2025-05-23 11:59:04,774 [INFO] IPUIPlugin:80 - create IPUIPlugin
2025-05-23 11:59:04,775 [INFO] PluginManager:220 - loadIPPluginJar : add aes
2025-05-23 11:59:04,876 [INFO] IPUIPlugin:80 - create IPUIPlugin
2025-05-23 11:59:04,876 [INFO] PluginManager:220 - loadIPPluginJar : add can
2025-05-23 11:59:04,936 [INFO] IPUIPlugin:80 - create IPUIPlugin
2025-05-23 11:59:04,937 [INFO] PluginManager:220 - loadIPPluginJar : add comp
2025-05-23 11:59:05,015 [INFO] IPUIPlugin:80 - create IPUIPlugin
2025-05-23 11:59:05,015 [INFO] PluginManager:220 - loadIPPluginJar : add cryp
2025-05-23 11:59:05,041 [INFO] IPUIPlugin:80 - create IPUIPlugin
2025-05-23 11:59:05,041 [INFO] PluginManager:220 - loadIPPluginJar : add ddr_ctrl_phy
2025-05-23 11:59:05,111 [INFO] IPUIPlugin:80 - create IPUIPlugin
2025-05-23 11:59:05,111 [INFO] PluginManager:220 - loadIPPluginJar : add dfsdm
2025-05-23 11:59:05,139 [INFO] IPUIPlugin:80 - create IPUIPlugin
2025-05-23 11:59:05,139 [INFO] PluginManager:220 - loadIPPluginJar : add dma
2025-05-23 11:59:05,226 [INFO] IPUIPlugin:80 - create IPUIPlugin
2025-05-23 11:59:05,226 [INFO] PluginManager:220 - loadIPPluginJar : add dma3
2025-05-23 11:59:05,326 [INFO] IPUIPlugin:80 - create IPUIPlugin
2025-05-23 11:59:05,326 [INFO] PluginManager:220 - loadIPPluginJar : add extmemmanager
2025-05-23 11:59:05,374 [INFO] IPUIPlugin:80 - create IPUIPlugin
2025-05-23 11:59:05,374 [INFO] PluginManager:220 - loadIPPluginJar : add fatfs
2025-05-23 11:59:05,479 [INFO] IPUIPlugin:80 - create IPUIPlugin
2025-05-23 11:59:05,479 [INFO] PluginManager:220 - loadIPPluginJar : add fmc
2025-05-23 11:59:05,509 [INFO] IPUIPlugin:80 - create IPUIPlugin
2025-05-23 11:59:05,509 [INFO] PluginManager:220 - loadIPPluginJar : add freertos
2025-05-23 11:59:05,561 [INFO] IPUIPlugin:80 - create IPUIPlugin
2025-05-23 11:59:05,561 [INFO] PluginManager:220 - loadIPPluginJar : add genericplugin
2025-05-23 11:59:05,789 [INFO] IPUIPlugin:80 - create IPUIPlugin
2025-05-23 11:59:05,790 [INFO] PluginManager:220 - loadIPPluginJar : add gfxmmu
2025-05-23 11:59:06,096 [INFO] IPUIPlugin:80 - create IPUIPlugin
2025-05-23 11:59:06,097 [INFO] PluginManager:220 - loadIPPluginJar : add gic
2025-05-23 11:59:06,123 [INFO] IPUIPlugin:80 - create IPUIPlugin
2025-05-23 11:59:06,123 [INFO] PluginManager:220 - loadIPPluginJar : add gpio
2025-05-23 11:59:06,331 [INFO] IPUIPlugin:80 - create IPUIPlugin
2025-05-23 11:59:06,331 [INFO] PluginManager:220 - loadIPPluginJar : add gtzc
2025-05-23 11:59:06,404 [INFO] IPUIPlugin:80 - create IPUIPlugin
2025-05-23 11:59:06,404 [INFO] PluginManager:220 - loadIPPluginJar : add hash
2025-05-23 11:59:06,531 [INFO] ThirdPartyUpdaterWithRetryManager:70 - Updater plugin not ready yet. [2/15]
2025-05-23 11:59:06,531 [INFO] IPUIPlugin:80 - create IPUIPlugin
2025-05-23 11:59:06,531 [INFO] PluginManager:220 - loadIPPluginJar : add i2c
2025-05-23 11:59:06,622 [INFO] IPUIPlugin:80 - create IPUIPlugin
2025-05-23 11:59:06,622 [INFO] PluginManager:220 - loadIPPluginJar : add i2s
2025-05-23 11:59:06,725 [INFO] IPUIPlugin:80 - create IPUIPlugin
2025-05-23 11:59:06,725 [INFO] PluginManager:220 - loadIPPluginJar : add i3c
2025-05-23 11:59:06,947 [INFO] IPUIPlugin:80 - create IPUIPlugin
2025-05-23 11:59:06,948 [INFO] PluginManager:220 - loadIPPluginJar : add ipddr
2025-05-23 11:59:07,163 [INFO] IPUIPlugin:80 - create IPUIPlugin
2025-05-23 11:59:07,163 [INFO] PluginManager:220 - loadIPPluginJar : add linkedlist
2025-05-23 11:59:07,244 [INFO] IPUIPlugin:80 - create IPUIPlugin
2025-05-23 11:59:07,244 [INFO] PluginManager:220 - loadIPPluginJar : add lorawan
2025-05-23 11:59:07,329 [INFO] IPUIPlugin:80 - create IPUIPlugin
2025-05-23 11:59:07,329 [INFO] PluginManager:220 - loadIPPluginJar : add ltdc
2025-05-23 11:59:07,359 [INFO] IPUIPlugin:80 - create IPUIPlugin
2025-05-23 11:59:07,359 [INFO] PluginManager:220 - loadIPPluginJar : add mdma
2025-05-23 11:59:07,383 [INFO] IPUIPlugin:80 - create IPUIPlugin
2025-05-23 11:59:07,383 [INFO] PluginManager:220 - loadIPPluginJar : add nvic
2025-05-23 11:59:07,468 [INFO] IPUIPlugin:80 - create IPUIPlugin
2025-05-23 11:59:07,468 [INFO] PluginManager:220 - loadIPPluginJar : add opamp
2025-05-23 11:59:07,613 [INFO] IPUIPlugin:80 - create IPUIPlugin
2025-05-23 11:59:07,614 [INFO] PluginManager:220 - loadIPPluginJar : add openamp
2025-05-23 11:59:07,711 [INFO] IPUIPlugin:80 - create IPUIPlugin
2025-05-23 11:59:07,712 [INFO] PluginManager:220 - loadIPPluginJar : add pdm2pcm
2025-05-23 11:59:07,740 [INFO] IPUIPlugin:80 - create IPUIPlugin
2025-05-23 11:59:07,744 [INFO] PluginManager:220 - loadIPPluginJar : add plateformsettings
2025-05-23 11:59:07,796 [INFO] IPUIPlugin:80 - create IPUIPlugin
2025-05-23 11:59:07,796 [INFO] PluginManager:220 - loadIPPluginJar : add quadspi
2025-05-23 11:59:07,855 [INFO] IPUIPlugin:80 - create IPUIPlugin
2025-05-23 11:59:07,859 [INFO] PluginManager:220 - loadIPPluginJar : add radio
2025-05-23 11:59:07,885 [INFO] IPUIPlugin:80 - create IPUIPlugin
2025-05-23 11:59:07,885 [INFO] PluginManager:220 - loadIPPluginJar : add resmgrutility
2025-05-23 11:59:07,993 [INFO] IPUIPlugin:80 - create IPUIPlugin
2025-05-23 11:59:07,993 [INFO] PluginManager:220 - loadIPPluginJar : add sai
2025-05-23 11:59:08,078 [INFO] IPUIPlugin:80 - create IPUIPlugin
2025-05-23 11:59:08,079 [INFO] PluginManager:220 - loadIPPluginJar : add spi
2025-05-23 11:59:08,240 [INFO] IPUIPlugin:80 - create IPUIPlugin
2025-05-23 11:59:08,240 [INFO] PluginManager:220 - loadIPPluginJar : add stm32_wpan
2025-05-23 11:59:08,295 [INFO] IPUIPlugin:80 - create IPUIPlugin
2025-05-23 11:59:08,295 [INFO] PluginManager:220 - loadIPPluginJar : add tim
2025-05-23 11:59:08,435 [INFO] IPUIPlugin:80 - create IPUIPlugin
2025-05-23 11:59:08,436 [INFO] PluginManager:220 - loadIPPluginJar : add touchsensing
2025-05-23 11:59:08,486 [INFO] IPUIPlugin:80 - create IPUIPlugin
2025-05-23 11:59:08,487 [INFO] PluginManager:220 - loadIPPluginJar : add tracer_emb
2025-05-23 11:59:08,541 [INFO] IPUIPlugin:80 - create IPUIPlugin
2025-05-23 11:59:08,541 [INFO] PluginManager:220 - loadIPPluginJar : add ts
2025-05-23 11:59:08,594 [INFO] IPUIPlugin:80 - create IPUIPlugin
2025-05-23 11:59:08,595 [INFO] PluginManager:220 - loadIPPluginJar : add tsc
2025-05-23 11:59:08,645 [INFO] IPUIPlugin:80 - create IPUIPlugin
2025-05-23 11:59:08,645 [INFO] PluginManager:220 - loadIPPluginJar : add ucpd
2025-05-23 11:59:08,741 [INFO] IPUIPlugin:80 - create IPUIPlugin
2025-05-23 11:59:08,741 [INFO] PluginManager:220 - loadIPPluginJar : add usart
2025-05-23 11:59:08,829 [INFO] IPUIPlugin:80 - create IPUIPlugin
2025-05-23 11:59:08,829 [INFO] PluginManager:220 - loadIPPluginJar : add usbx
2025-05-23 11:59:09,001 [FATAL] Updater:351 - Updater called before beeing initialized
2025-05-23 11:59:09,048 [INFO] RulesReader:64 - Compatibility file has been processed (302 Rules)
2025-05-23 11:59:09,067 [INFO] RulesReader:64 - Compatibility file has been processed (302 Rules)
2025-05-23 11:59:09,080 [INFO] CADModel:165 - CPN selected for project level
2025-05-23 11:59:09,080 [INFO] CADModel:114 - Register for checkConnection events
2025-05-23 11:59:09,080 [FATAL] Updater:351 - Updater called before beeing initialized
2025-05-23 11:59:09,080 [ERROR] CADModel:125 - Updater not yet initialized, retry later 
2025-05-23 11:59:09,317 [FATAL] Updater:351 - Updater called before beeing initialized
2025-05-23 11:59:09,320 [INFO] CADModel:165 - CPN selected for project level
2025-05-23 11:59:09,320 [INFO] CADModel:114 - Register for checkConnection events
2025-05-23 11:59:09,320 [FATAL] Updater:351 - Updater called before beeing initialized
2025-05-23 11:59:09,320 [ERROR] CADModel:125 - Updater not yet initialized, retry later 
2025-05-23 11:59:09,327 [FATAL] Updater:351 - Updater called before beeing initialized
2025-05-23 11:59:09,524 [FATAL] Updater:351 - Updater called before beeing initialized
2025-05-23 11:59:09,532 [INFO] ThirdPartyUpdaterWithRetryManager:70 - Updater plugin not ready yet. [3/15]
2025-05-23 11:59:09,546 [INFO] DbMcusAds:53 - JSON generation date=Wed May 07 11:07:55 CEST 2025 (1746608875679)
2025-05-23 11:59:09,547 [FATAL] Updater:351 - Updater called before beeing initialized
2025-05-23 11:59:09,616 [WARN] DetailPanel:346 - Failed to get advertising image, set to default
2025-05-23 11:59:10,067 [FATAL] Updater:351 - Updater called before beeing initialized
2025-05-23 11:59:10,070 [FATAL] Updater:351 - Updater called before beeing initialized
2025-05-23 11:59:10,071 [FATAL] Updater:351 - Updater called before beeing initialized
2025-05-23 11:59:10,071 [WARN] DetailPanel:346 - Failed to get advertising image, set to default
2025-05-23 11:59:10,072 [FATAL] Updater:351 - Updater called before beeing initialized
2025-05-23 11:59:10,186 [ERROR] Updater:1198 - MainUpdater not yet initialized. External WinMGr cannot be set.
2025-05-23 11:59:10,208 [INFO] Updater:1134 - Updater Version found : 6.14.1
2025-05-23 11:59:10,241 [INFO] ApplicationProperties:184 - Using Application install path: C:\ST\STM32CubeIDE_1.13.1\STM32CubeIDE\plugins\com.st.stm32cube.common.mx_6.14.1.202504091515
2025-05-23 11:59:10,899 [INFO] MainUpdater:2872 - connection check result : 10
2025-05-23 11:59:10,899 [INFO] MainUpdater:3566 - Updater definition file requires update
2025-05-23 11:59:10,901 [INFO] MainUpdater:289 - Updater Check For Update Now.
2025-05-23 11:59:10,902 [INFO] MicroXplorer:498 - Change Database Version : DB.6.0.141
2025-05-23 11:59:10,937 [INFO] McuFinderGlobals:63 - Set McuFinder mode to 2 (CubeIDE integrated)
2025-05-23 11:59:10,951 [INFO] UserAuth:484 - Internet connection configuration mode: 1
2025-05-23 11:59:11,008 [INFO] JxBrowserEngine:152 - Initiate JxBrowser Engine with user profile folder
2025-05-23 11:59:11,009 [INFO] ServerAccessManage:473 - Download File updaters.zip
2025-05-23 11:59:11,149 [INFO] FileExtend:242 - Unzip File : updaters.zip
2025-05-23 11:59:11,149 [INFO] FileExtend:257 - Standard Zip Deflate
2025-05-23 11:59:12,355 [INFO] ServerAccessManage:473 - Download File PacksControlFlags.xml
2025-05-23 11:59:12,533 [WARN] MainUpdater:1193 - Updater busy. Cannot search thirdparties
2025-05-23 11:59:12,534 [INFO] ThirdPartyUpdaterWithRetryManager:96 - Updater plugin is busy. [1/15]
2025-05-23 11:59:12,653 [INFO] ServerAccessManage:473 - Download File cubemx.pidx
2025-05-23 11:59:15,558 [WARN] MainUpdater:1193 - Updater busy. Cannot search thirdparties
2025-05-23 11:59:15,559 [INFO] ThirdPartyUpdaterWithRetryManager:96 - Updater plugin is busy. [2/15]
2025-05-23 11:59:15,966 [INFO] ServerAccessManage:473 - Download File STMicroelectronics.X-CUBE-ST60.pdsc
2025-05-23 11:59:17,911 [WARN] PackLoader:240 - Cannot read IP mode file for STMicroelectronics.X-CUBE-ST60.1.0.0
2025-05-23 11:59:17,915 [INFO] PopulateThirdPartyThread:66 - Ending populate Thread
2025-05-23 11:59:17,919 [INFO] ThirdParty:1030 - CMSIS Pack Vendor :STMicroelectronics X-CUBE-ST60 1.0.0
2025-05-23 11:59:17,920 [INFO] LoadServerUpdatesThread:375 - End of LoadServerUpdate Thread
2025-05-23 11:59:18,049 [INFO] CheckServerUpdateThread:120 - End of CheckServer Thread
2025-05-23 11:59:18,722 [INFO] WebApp:169 - Instantiating new browser for Auth
2025-05-23 11:59:19,605 [WARN] PackLoader:240 - Cannot read IP mode file for STMicroelectronics.FP-SNS-MOTENVWB1.1.4.0
2025-05-23 11:59:19,620 [WARN] PackLoader:240 - Cannot read IP mode file for STMicroelectronics.FP-ATR-ASTRA1.2.0.2
2025-05-23 11:59:19,646 [WARN] PackLoader:240 - Cannot read IP mode file for STMicroelectronics.FP-ATR-ASTRA1.2.0.1
2025-05-23 11:59:19,678 [WARN] PackLoader:240 - Cannot read IP mode file for STMicroelectronics.X-CUBE-SMBUS.2.1.0
2025-05-23 11:59:19,713 [WARN] PackLoader:240 - Cannot read IP mode file for STMicroelectronics.X-CUBE-WB05N.1.1.0
2025-05-23 11:59:19,721 [WARN] PackLoader:240 - Cannot read IP mode file for STMicroelectronics.X-CUBE-ST60.1.0.0
2025-05-23 11:59:19,748 [WARN] PackLoader:240 - Cannot read IP mode file for STMicroelectronics.X-CUBE-TOUCHGFX.4.23.0
2025-05-23 11:59:19,850 [WARN] PackLoader:240 - Cannot read IP mode file for STMicroelectronics.X-CUBE-AZRTOS-F7.1.1.0
2025-05-23 11:59:19,902 [WARN] PackLoader:240 - Cannot read IP mode file for STMicroelectronics.FP-SNS-MOTENV1.4.3.2
2025-05-23 11:59:19,939 [WARN] PackLoader:240 - Cannot read IP mode file for STMicroelectronics.FP-SNS-FLIGHT1.5.0.2
2025-05-23 11:59:19,983 [WARN] PackLoader:240 - Cannot read IP mode file for STMicroelectronics.X-CUBE-DISPLAY.3.0.0
2025-05-23 11:59:20,022 [WARN] PackLoader:240 - Cannot read IP mode file for STMicroelectronics.X-CUBE-BLE1.7.0.0
2025-05-23 11:59:20,049 [WARN] PackLoader:240 - Cannot read IP mode file for STMicroelectronics.X-CUBE-NFC10.1.0.0
2025-05-23 11:59:20,083 [WARN] PackLoader:240 - Cannot read IP mode file for STMicroelectronics.X-CUBE-BLEMGR.4.0.0
2025-05-23 11:59:20,115 [WARN] PackLoader:240 - Cannot read IP mode file for emotas.I-CUBE-CANOPEN.1.3.0
2025-05-23 11:59:20,139 [WARN] PackLoader:240 - Cannot read IP mode file for STMicroelectronics.X-CUBE-TOUCHGFX.4.22.0
2025-05-23 11:59:20,163 [WARN] PackLoader:240 - Cannot read IP mode file for STMicroelectronics.X-CUBE-TOUCHGFX.4.22.1
2025-05-23 11:59:20,196 [WARN] PackLoader:240 - Cannot read IP mode file for STMicroelectronics.X-CUBE-BLEMGR.3.1.0
2025-05-23 11:59:20,227 [WARN] PackLoader:240 - Cannot read IP mode file for STMicroelectronics.X-CUBE-AI.10.0.0
2025-05-23 11:59:20,251 [WARN] PackLoader:240 - Cannot read IP mode file for STMicroelectronics.FP-SNS-SMARTAG2.1.2.0
2025-05-23 11:59:20,273 [WARN] PackLoader:240 - Cannot read IP mode file for STMicroelectronics.FP-SNS-FLIGHT1.5.1.0
2025-05-23 11:59:20,376 [WARN] PackLoader:240 - Cannot read IP mode file for STMicroelectronics.X-CUBE-MEMS1.11.1.0
2025-05-23 11:59:20,596 [INFO] LogOutputStream:77 - [STDOUT_REDIRECT] 1 : Invalid condition id : UX_CORESTACK_Condition cause : null
2025-05-23 11:59:20,597 [INFO] LogOutputStream:77 - [STDOUT_REDIRECT] 1 : Invalid condition id : UX_CORESTACK_Condition cause : null
2025-05-23 11:59:20,599 [INFO] LogOutputStream:77 - [STDOUT_REDIRECT] 1 : Invalid condition id : UX_CORESTACK_Condition cause : null
2025-05-23 11:59:20,601 [INFO] LogOutputStream:77 - [STDOUT_REDIRECT] 1 : Invalid condition id : UX_CORESTACK_Condition cause : null
2025-05-23 11:59:20,603 [INFO] LogOutputStream:77 - [STDOUT_REDIRECT] 1 : Invalid condition id : UX_CORESTACK_Condition cause : null
2025-05-23 11:59:20,607 [WARN] PackLoader:240 - Cannot read IP mode file for STMicroelectronics.X-CUBE-AZRTOS-WL.2.0.0
2025-05-23 11:59:20,635 [WARN] PackLoader:240 - Cannot read IP mode file for STMicroelectronics.FP-SNS-MOTENV1.5.0.0
2025-05-23 11:59:20,644 [WARN] PackLoader:240 - Cannot read IP mode file for wolfSSL.I-CUBE-wolfMQTT.1.19.0
2025-05-23 11:59:20,671 [WARN] PackLoader:240 - Cannot read IP mode file for WES.I-CUBE-Cesium.1.3.0
2025-05-23 11:59:20,697 [WARN] PackLoader:240 - Cannot read IP mode file for STMicroelectronics.X-CUBE-BLE2.3.3.0
2025-05-23 11:59:20,726 [WARN] PackLoader:240 - Cannot read IP mode file for STMicroelectronics.X-CUBE-NFC9.1.0.0
2025-05-23 11:59:20,750 [WARN] PackLoader:240 - Cannot read IP mode file for STMicroelectronics.X-CUBE-BLE1.7.1.0
2025-05-23 11:59:20,776 [WARN] PackLoader:240 - Cannot read IP mode file for STMicroelectronics.X-CUBE-ALGOBUILD.1.3.0
2025-05-23 11:59:20,875 [WARN] PackLoader:240 - Cannot read IP mode file for STMicroelectronics.X-CUBE-MEMS1.11.2.0
2025-05-23 11:59:21,195 [WARN] PackLoader:240 - Cannot read IP mode file for STMicroelectronics.X-CUBE-AZRTOS-G0.1.1.0
2025-05-23 11:59:21,256 [WARN] PackLoader:240 - Cannot read IP mode file for STMicroelectronics.X-CUBE-SAFEA1.1.2.2
2025-05-23 11:59:21,289 [WARN] PackLoader:240 - Cannot read IP mode file for STMicroelectronics.X-CUBE-NFC4.3.0.0
2025-05-23 11:59:21,337 [WARN] PackLoader:240 - Cannot read IP mode file for EmbeddedOffice.I-CUBE-FS-RTOS.1.0.1
2025-05-23 11:59:21,366 [WARN] PackLoader:240 - Cannot read IP mode file for STMicroelectronics.X-CUBE-WB05N.2.0.0
2025-05-23 11:59:21,411 [WARN] PackLoader:240 - Cannot read IP mode file for STMicroelectronics.X-CUBE-BLEMGR.3.0.0
2025-05-23 11:59:21,446 [WARN] PackLoader:240 - Cannot read IP mode file for STMicroelectronics.X-CUBE-TCPP.4.2.0
2025-05-23 11:59:21,484 [WARN] PackLoader:240 - Cannot read IP mode file for RealThread.X-CUBE-RT-Thread_Nano.4.1.1
2025-05-23 11:59:21,504 [WARN] PackLoader:240 - Cannot read IP mode file for STMicroelectronics.FP-ATR-SIGFOX1.3.2.0
2025-05-23 11:59:21,531 [WARN] ConditionMgr:438 - getConditionDescription Invalid condition id : Cortex-A Device cause : null
2025-05-23 11:59:21,594 [WARN] ConditionMgr:1044 - genDependencies : Invalid condition id : Cortex-A Device cause : null
2025-05-23 11:59:21,594 [WARN] ConditionMgr:1044 - genDependencies : Invalid condition id : Cortex-A Device cause : null
2025-05-23 11:59:21,594 [WARN] ConditionMgr:1044 - genDependencies : Invalid condition id : Cortex-A Device cause : null
2025-05-23 11:59:21,628 [WARN] PackLoader:240 - Cannot read IP mode file for STMicroelectronics.X-CUBE-EEPRMA1.5.1.0
2025-05-23 11:59:22,037 [WARN] PackLoader:240 - Cannot read IP mode file for SEGGER.I-CUBE-embOS.1.3.1
2025-05-23 11:59:22,099 [WARN] PackLoader:240 - Cannot read IP mode file for STMicroelectronics.X-CUBE-ALGOBUILD.1.4.0
2025-05-23 11:59:22,131 [WARN] PackLoader:240 - Cannot read IP mode file for STMicroelectronics.X-CUBE-GNSS1.6.0.0
2025-05-23 11:59:22,185 [WARN] PackLoader:240 - Cannot read IP mode file for STMicroelectronics.X-CUBE-AZRTOS-F4.1.1.0
2025-05-23 11:59:22,213 [WARN] PackLoader:240 - Cannot read IP mode file for wolfSSL.I-CUBE-wolfSSL.5.6.3
2025-05-23 11:59:22,222 [WARN] PackLoader:240 - Cannot read IP mode file for Avnet-IotConnect.X-CUBE-IoTC-DA16k-PMOD.1.0.0
2025-05-23 11:59:22,252 [WARN] PackLoader:240 - Cannot read IP mode file for STMicroelectronics.X-CUBE-ISPU.2.1.0
2025-05-23 11:59:22,318 [WARN] PackLoader:240 - Cannot read IP mode file for STMicroelectronics.X-CUBE-AZRTOS-L5.2.0.0
2025-05-23 11:59:22,407 [WARN] PackLoader:240 - Cannot read IP mode file for STMicroelectronics.X-CUBE-MEMS1.9.6.0
2025-05-23 11:59:22,434 [INFO] WebApp:463 - Apply proxy settings
2025-05-23 11:59:22,434 [INFO] WebApp:548 - Chromium requires no authentication
2025-05-23 11:59:22,461 [INFO] WebApp:491 - Direct internet connection detected
2025-05-23 11:59:22,594 [WARN] PackLoader:240 - Cannot read IP mode file for STMicroelectronics.X-CUBE-EEPRMA1.4.2.0
2025-05-23 11:59:22,610 [INFO] WebApp:894 - Register for checkConnection events
2025-05-23 11:59:22,610 [INFO] WebApp:463 - Apply proxy settings
2025-05-23 11:59:22,610 [INFO] WebApp:548 - Chromium requires no authentication
2025-05-23 11:59:22,624 [WARN] PackLoader:240 - Cannot read IP mode file for STMicroelectronics.X-CUBE-NFC6.3.1.0
2025-05-23 11:59:22,634 [INFO] WebApp:491 - Direct internet connection detected
2025-05-23 11:59:22,654 [WARN] PackLoader:240 - Cannot read IP mode file for ITTIA_DB.I-CUBE-ITTIADB.8.8.0
2025-05-23 11:59:22,685 [WARN] PackLoader:240 - Cannot read IP mode file for STMicroelectronics.X-CUBE-BLEMGR.2.0.0
2025-05-23 11:59:22,715 [WARN] PackLoader:240 - Cannot read IP mode file for STMicroelectronics.X-CUBE-DPower.1.2.0
2025-05-23 11:59:22,764 [WARN] ConditionMgr:438 - getConditionDescription Invalid condition id : UX DEVICE CLASS RTOS Condition cause : null
2025-05-23 11:59:22,764 [WARN] ConditionMgr:438 - getConditionDescription Invalid condition id : UX DEVICE CLASS RTOS Condition cause : null
2025-05-23 11:59:22,769 [WARN] PackLoader:240 - Cannot read IP mode file for STMicroelectronics.X-CUBE-AZRTOS-H7.3.1.0
2025-05-23 11:59:22,770 [WARN] ConditionMgr:1044 - genDependencies : Invalid condition id : UX DEVICE CLASS RTOS Condition cause : null
2025-05-23 11:59:22,771 [WARN] ConditionMgr:1044 - genDependencies : Invalid condition id : UX DEVICE CLASS RTOS Condition cause : null
2025-05-23 11:59:22,771 [WARN] ConditionMgr:1044 - genDependencies : Invalid condition id : UX DEVICE CLASS RTOS Condition cause : null
2025-05-23 11:59:22,772 [WARN] ConditionMgr:1044 - genDependencies : Invalid condition id : UX DEVICE CLASS RTOS Condition cause : null
2025-05-23 11:59:22,772 [WARN] ConditionMgr:1044 - genDependencies : Invalid condition id : UX DEVICE CLASS RTOS Condition cause : null
2025-05-23 11:59:22,803 [WARN] PackLoader:240 - Cannot read IP mode file for STMicroelectronics.X-CUBE-FREERTOS.1.3.1
2025-05-23 11:59:22,826 [WARN] PackLoader:240 - Cannot read IP mode file for STMicroelectronics.X-CUBE-FREERTOS.1.3.0
2025-05-23 11:59:22,856 [WARN] PackLoader:240 - Cannot read IP mode file for STMicroelectronics.X-CUBE-NFC7.1.0.1
2025-05-23 11:59:22,884 [WARN] PackLoader:240 - Cannot read IP mode file for STMicroelectronics.X-CUBE-NFC6.3.0.0
2025-05-23 11:59:22,909 [WARN] PackLoader:240 - Cannot read IP mode file for STMicroelectronics.X-CUBE-EEPRMA1.4.1.0
2025-05-23 11:59:22,937 [WARN] PackLoader:240 - Cannot read IP mode file for STMicroelectronics.X-CUBE-DPower.1.3.0
2025-05-23 11:59:22,961 [WARN] PackLoader:240 - Cannot read IP mode file for STMicroelectronics.X-CUBE-AI.8.1.0
2025-05-23 11:59:23,014 [WARN] ConditionMgr:438 - getConditionDescription Invalid condition id : LAN8742 Phy interface Condition cause : null
2025-05-23 11:59:23,015 [WARN] PackLoader:240 - Cannot read IP mode file for STMicroelectronics.X-CUBE-AZRTOS-L4.2.0.0
2025-05-23 11:59:23,017 [WARN] ConditionMgr:1044 - genDependencies : Invalid condition id : LAN8742 Phy interface Condition cause : null
2025-05-23 11:59:23,017 [WARN] ConditionMgr:1044 - genDependencies : Invalid condition id : LAN8742 Phy interface Condition cause : null
2025-05-23 11:59:23,018 [WARN] ConditionMgr:1044 - genDependencies : Invalid condition id : LAN8742 Phy interface Condition cause : null
2025-05-23 11:59:23,046 [WARN] PackLoader:240 - Cannot read IP mode file for STMicroelectronics.X-CUBE-SFXS2LP1.4.0.0
2025-05-23 11:59:23,072 [WARN] PackLoader:240 - Cannot read IP mode file for STMicroelectronics.X-CUBE-ISPU.1.1.0
2025-05-23 11:59:23,112 [INFO] WebApp:225 - Starting web application
2025-05-23 11:59:23,112 [INFO] WebApp:593 - Web application path used C:\ST\STM32CubeIDE_1.13.1\STM32CubeIDE\plugins\com.st.stm32cube.common.mx_6.14.1.202504091515\db\plugins\mcufinder\reactClient1\index.html
2025-05-23 11:59:23,125 [WARN] PackLoader:240 - Cannot read IP mode file for STMicroelectronics.X-CUBE-AZRTOS-H7.3.3.0
2025-05-23 11:59:23,175 [WARN] ConditionMgr:438 - getConditionDescription Invalid condition id : UX DEVICE CLASS RTOS Condition cause : null
2025-05-23 11:59:23,176 [WARN] ConditionMgr:438 - getConditionDescription Invalid condition id : UX DEVICE CLASS RTOS Condition cause : null
2025-05-23 11:59:23,179 [WARN] PackLoader:240 - Cannot read IP mode file for STMicroelectronics.X-CUBE-AZRTOS-WB.2.0.0
2025-05-23 11:59:23,180 [WARN] ConditionMgr:1044 - genDependencies : Invalid condition id : UX DEVICE CLASS RTOS Condition cause : null
2025-05-23 11:59:23,180 [WARN] ConditionMgr:1044 - genDependencies : Invalid condition id : UX DEVICE CLASS RTOS Condition cause : null
2025-05-23 11:59:23,180 [WARN] ConditionMgr:1044 - genDependencies : Invalid condition id : UX DEVICE CLASS RTOS Condition cause : null
2025-05-23 11:59:23,180 [WARN] ConditionMgr:1044 - genDependencies : Invalid condition id : UX DEVICE CLASS RTOS Condition cause : null
2025-05-23 11:59:23,182 [WARN] ConditionMgr:1044 - genDependencies : Invalid condition id : UX DEVICE CLASS RTOS Condition cause : null
2025-05-23 11:59:23,218 [WARN] PackLoader:240 - Cannot read IP mode file for STMicroelectronics.X-CUBE-GNSS1.7.0.1
2025-05-23 11:59:23,246 [WARN] PackLoader:240 - Cannot read IP mode file for STMicroelectronics.X-CUBE-TOUCHGFX.4.25.0
2025-05-23 11:59:23,277 [WARN] PackLoader:240 - Cannot read IP mode file for STMicroelectronics.FP-SNS-STBOX1.2.0.0
2025-05-23 11:59:23,322 [WARN] PackLoader:240 - Cannot read IP mode file for STMicroelectronics.X-CUBE-SUBG2.5.0.0
2025-05-23 11:59:23,400 [WARN] PackLoader:240 - Cannot read IP mode file for STMicroelectronics.X-CUBE-AZRTOS-H7RS.1.1.0
2025-05-23 11:59:23,416 [WARN] PackLoader:240 - Cannot read IP mode file for Cesanta.I-CUBE-Mongoose.7.13.0
2025-05-23 11:59:23,462 [WARN] PackLoader:240 - Cannot read IP mode file for STMicroelectronics.X-CUBE-TOF1.3.3.1
2025-05-23 11:59:23,528 [WARN] PackLoader:240 - Cannot read IP mode file for STMicroelectronics.X-CUBE-AZRTOS-G4.2.0.0
2025-05-23 11:59:23,613 [WARN] PackLoader:240 - Cannot read IP mode file for Infineon.AIROC-Wi-Fi-Bluetooth-STM32.1.5.1
2025-05-23 11:59:23,679 [WARN] PackLoader:240 - Cannot read IP mode file for STMicroelectronics.FP-SNS-MOTENVWB1.1.3.0
2025-05-23 11:59:23,705 [WARN] PackLoader:240 - Cannot read IP mode file for STMicroelectronics.X-CUBE-NFC7.2.0.0
2025-05-23 11:59:23,740 [WARN] PackLoader:240 - Cannot read IP mode file for STMicroelectronics.FP-SNS-MOTENVWB1.1.3.1
2025-05-23 11:59:23,766 [WARN] PackLoader:240 - Cannot read IP mode file for STMicroelectronics.X-CUBE-ISPU.2.0.0
2025-05-23 11:59:23,813 [WARN] PackLoader:240 - Cannot read IP mode file for STMicroelectronics.X-CUBE-IPS.3.1.0
2025-05-23 11:59:23,814 [INFO] UserAuth:484 - Internet connection configuration mode: 1
2025-05-23 11:59:23,848 [WARN] PackLoader:240 - Cannot read IP mode file for STMicroelectronics.X-CUBE-ALS.1.0.2
2025-05-23 11:59:23,940 [WARN] PackLoader:240 - Cannot read IP mode file for STMicroelectronics.X-CUBE-MEMS1.10.0.0
2025-05-23 11:59:24,107 [WARN] PackLoader:240 - Cannot read IP mode file for STMicroelectronics.X-CUBE-FREERTOS.1.1.0
2025-05-23 11:59:24,132 [WARN] PackLoader:240 - Cannot read IP mode file for STMicroelectronics.X-CUBE-TOUCHGFX.4.24.2
2025-05-23 11:59:24,144 [WARN] PackLoader:240 - Cannot read IP mode file for wolfSSL.I-CUBE-wolfTPM.3.4.0
2025-05-23 11:59:24,175 [WARN] PackLoader:240 - Cannot read IP mode file for portGmbH.I-Cube-SoM-uGOAL.1.1.0
2025-05-23 11:59:24,210 [WARN] PackLoader:240 - Cannot read IP mode file for STMicroelectronics.X-CUBE-ALS.1.0.1
2025-05-23 11:59:24,265 [WARN] PackLoader:240 - Cannot read IP mode file for STMicroelectronics.X-CUBE-AZRTOS-H7RS.1.0.0
2025-05-23 11:59:24,293 [WARN] PackLoader:240 - Cannot read IP mode file for STMicroelectronics.FP-ATR-ASTRA1.2.0.0
2025-05-23 11:59:24,327 [WARN] PackLoader:240 - Cannot read IP mode file for STMicroelectronics.X-CUBE-TOF1.3.4.2
2025-05-23 11:59:24,383 [WARN] PackLoader:240 - Cannot read IP mode file for STMicroelectronics.X-CUBE-TOF1.3.4.3
2025-05-23 11:59:24,445 [WARN] PackLoader:240 - Cannot read IP mode file for STMicroelectronics.X-CUBE-TOF1.3.4.0
2025-05-23 11:59:24,507 [WARN] PackLoader:240 - Cannot read IP mode file for STMicroelectronics.X-CUBE-AZRTOS-H7.3.2.0
2025-05-23 11:59:24,517 [WARN] PackLoader:240 - Cannot read IP mode file for wolfSSL.I-CUBE-wolfSSH.1.4.17
2025-05-23 11:59:24,517 [INFO] ThirdParty:978 - Integrity check success = true
2025-05-23 11:59:24,517 [INFO] IntegrityCheckThread:100 - exiting critical section [integrity check]
2025-05-23 11:59:24,518 [INFO] IntegrityCheckThread:103 - End integrity checks thread
2025-05-23 11:59:24,648 [INFO] WebApp:191 - Connection restablished
2025-05-23 12:08:56,729 [INFO] McuFinderGlobals:63 - Set McuFinder mode to 2 (CubeIDE integrated)
2025-05-23 12:08:56,774 [INFO] MainUpdater:2872 - connection check result : 10
2025-05-23 12:08:56,785 [INFO] MainUpdater:2872 - connection check result : 10
2025-05-23 12:08:57,088 [INFO] MicroXplorer:468 - Change Database Path : 
2025-05-23 12:08:57,088 [INFO] MicroXplorer:498 - Change Database Version : DB.6.0.141
2025-05-23 12:08:57,107 [WARN] ThirdParty:871 - waiting for thirdparty lock release [close project]
2025-05-23 12:08:57,107 [INFO] ThirdParty:873 - entering critical section [close project]
2025-05-23 12:08:57,108 [INFO] ThirdParty:883 - exiting critical section [close project]
2025-05-23 12:08:57,114 [INFO] PinOutPanel:1589 - setPackage(No Configuration,No Configuration)
2025-05-23 12:08:57,124 [INFO] UtilMem:75 - Begin LoadConfig() Used Memory: 705614568 Bytes (895483904)
2025-05-23 12:08:57,127 [INFO] MicroXplorer:468 - Change Database Path : 
2025-05-23 12:08:57,128 [INFO] MicroXplorer:498 - Change Database Version : DB.6.0.141
2025-05-23 12:08:57,128 [INFO] OpenFileManager:354 - Change cursor
2025-05-23 12:08:57,275 [INFO] Mcu:2011 - Initializing MCU STM32F446R(C-E)Tx STM32F446RCTx STM32F446RCT7
2025-05-23 12:09:01,012 [INFO] Context:756 - Trying to add GPIOservice into a context  which must be forbidden
2025-05-23 12:09:02,150 [INFO] ImportTextPane:218 - (OptionalMessage_ERROR) Pin43 (VP_RIF_VS_RIF1) cannot be retrieved for this MCU
2025-05-23 12:09:02,685 [INFO] RtosManager:558 - Registered RTOS mode: class=CMSIS, group=RTOS, mode=CMSIS_V1, owner=FREERTOS
2025-05-23 12:09:02,685 [INFO] RtosManager:558 - Registered RTOS mode: class=CMSIS, group=RTOS2, mode=CMSIS_V2, owner=FREERTOS
2025-05-23 12:09:02,686 [INFO] RtosManager:558 - Registered RTOS mode: class=RTOS, group=Core, mode=CMSIS_V1, owner=FREERTOS
2025-05-23 12:09:02,686 [INFO] RtosManager:558 - Registered RTOS mode: class=RTOS, group=Core, mode=CMSIS_V2, owner=FREERTOS
2025-05-23 12:09:02,687 [WARN] ModelIntegratedComponent:184 - Missing modes for component STMicroelectronics:FreeRTOS:0.0.1:STMicroelectronics:RTOS:FreeRTOS:Core:::10.2.0:
2025-05-23 12:09:02,701 [WARN] ModelIntegratedComponent:63 - No mode defined for component null
2025-05-23 12:09:02,701 [WARN] ModelIntegratedComponent:63 - No mode defined for component null
2025-05-23 12:09:02,701 [WARN] ModelIntegratedComponent:63 - No mode defined for component null
2025-05-23 12:09:02,702 [WARN] ModelIntegratedComponent:63 - No mode defined for component null
2025-05-23 12:09:02,702 [WARN] ModelIntegratedComponent:63 - No mode defined for component null
2025-05-23 12:09:02,702 [WARN] ModelIntegratedComponent:63 - No mode defined for component null
2025-05-23 12:09:02,705 [WARN] ModelIntegratedComponent:63 - No mode defined for component null
2025-05-23 12:09:02,706 [WARN] ModelIntegratedComponent:63 - No mode defined for component null
2025-05-23 12:09:02,714 [WARN] ModelIntegratedComponent:63 - No mode defined for component null
2025-05-23 12:09:02,721 [WARN] ModelIntegratedComponent:63 - No mode defined for component null
2025-05-23 12:09:02,722 [WARN] ModelIntegratedComponent:63 - No mode defined for component null
2025-05-23 12:09:02,722 [WARN] ModelIntegratedComponent:63 - No mode defined for component null
2025-05-23 12:09:02,722 [WARN] ModelIntegratedComponent:63 - No mode defined for component null
2025-05-23 12:09:02,722 [WARN] ModelIntegratedComponent:63 - No mode defined for component null
2025-05-23 12:09:02,722 [WARN] ModelIntegratedComponent:63 - No mode defined for component null
2025-05-23 12:09:02,723 [WARN] ModelIntegratedComponent:63 - No mode defined for component null
2025-05-23 12:09:02,723 [WARN] ModelIntegratedComponent:63 - No mode defined for component null
2025-05-23 12:09:02,723 [WARN] ModelIntegratedComponent:63 - No mode defined for component null
2025-05-23 12:09:02,723 [WARN] ModelIntegratedComponent:63 - No mode defined for component null
2025-05-23 12:09:02,723 [WARN] ModelIntegratedComponent:63 - No mode defined for component null
2025-05-23 12:09:02,723 [WARN] ModelIntegratedComponent:63 - No mode defined for component null
2025-05-23 12:09:02,723 [WARN] ModelIntegratedComponent:63 - No mode defined for component null
2025-05-23 12:09:02,723 [WARN] ModelIntegratedComponent:63 - No mode defined for component null
2025-05-23 12:09:02,723 [WARN] ModelIntegratedComponent:63 - No mode defined for component null
2025-05-23 12:09:02,724 [WARN] ModelIntegratedComponent:63 - No mode defined for component null
2025-05-23 12:09:02,724 [WARN] ModelIntegratedComponent:63 - No mode defined for component null
2025-05-23 12:09:02,724 [WARN] ModelIntegratedComponent:63 - No mode defined for component null
2025-05-23 12:09:02,724 [WARN] ModelIntegratedComponent:63 - No mode defined for component null
2025-05-23 12:09:02,724 [WARN] ModelIntegratedComponent:63 - No mode defined for component null
2025-05-23 12:09:02,724 [WARN] ModelIntegratedComponent:63 - No mode defined for component null
2025-05-23 12:09:02,724 [WARN] ModelIntegratedComponent:63 - No mode defined for component null
2025-05-23 12:09:02,724 [WARN] ModelIntegratedComponent:63 - No mode defined for component null
2025-05-23 12:09:02,724 [WARN] ModelIntegratedComponent:63 - No mode defined for component null
2025-05-23 12:09:02,726 [WARN] ModelIntegratedComponent:63 - No mode defined for component null
2025-05-23 12:09:02,727 [WARN] ModelIntegratedComponent:63 - No mode defined for component null
2025-05-23 12:09:02,728 [WARN] ModelPack:524 - Component already loaded: STMicroelectronics:HAL Drivers:0.0.0:STMicroelectronics:Device:STMicro_Driver:XSPI:HAL::0.0.1:HAL_XSPI
2025-05-23 12:09:03,215 [INFO] ThirdPartyModel:298 - Start build external matchings
2025-05-23 12:09:06,190 [INFO] ThirdPartyModel:316 - End build external matchings
2025-05-23 12:09:06,310 [INFO] ImportTextPane:218 - (OptionalMessage_ERROR) IP (RCC) : Invalid parameter (FamilyName)
2025-05-23 12:09:06,312 [INFO] ImportTextPane:218 - (OptionalMessage_ERROR) IP (RCC) : Parameter (SDIOFreq_Value) has invalid value (100000000)
2025-05-23 12:09:06,313 [INFO] ImportTextPane:218 - (OptionalMessage_ERROR) IP (RCC) : Parameter (USBFreq_Value) has invalid value (100000000)
2025-05-23 12:09:07,436 [INFO] ApiDb:581 - Connected to CubeFinder SQLite database (C:\Users\amozd\.stmcufinder\plugins\mcufinder\mcu\cube-finder-db.db)
2025-05-23 12:09:07,616 [INFO] ApiDb:668 - CubeFinder database Data Model version=2.1
2025-05-23 12:09:07,618 [INFO] ApiDb:669 - CubeFinder database Configuration version=3.0.39
2025-05-23 12:09:07,618 [INFO] ApiDb:670 - CubeFinder database generation date=2025-04-23 (1745419778)
2025-05-23 12:09:07,619 [INFO] ApiDb:671 - CubeFinder database FW Pack versions=[FP-ATR-ASTRA1_V2.0.0, FP-SNS-FLIGHT1_V5.1.0, FP-SNS-MOTENV1_V5.0.0, FP-SNS-MOTENVWB1_V1.4.0, FP-SNS-SMARTAG2_V1.2.0, FP-SNS-STBOX1_V2.0.0, STM32Cube_FW_C0_V1.4.0, STM32Cube_FW_F4_V1.28.1, STM32Cube_FW_F7_V1.17.2, STM32Cube_FW_G0_V1.6.2, STM32Cube_FW_G4_V1.6.1, STM32Cube_FW_H5_V1.5.0, STM32Cube_FW_H7RS_V1.2.0, STM32Cube_FW_H7_V1.12.1, STM32Cube_FW_L0_V1.12.2, STM32Cube_FW_L4_V1.18.1, STM32Cube_FW_L5_V1.5.1, STM32Cube_FW_N6_V1.1.1, STM32Cube_FW_U0_V1.2.0, STM32Cube_FW_U3_V1.1.0, STM32Cube_FW_U5_V1.7.0, STM32Cube_FW_WB0_V1.2.0, STM32Cube_FW_WBA_V1.6.0, STM32Cube_FW_WB_V1.22.0, STM32Cube_FW_WL3_V1.1.0, STM32Cube_FW_WL_V1.3.1, X-CUBE-ALGOBUILD_V1.4.0, X-CUBE-ALS_V1.0.2, X-CUBE-AZRTOS-F4_V1.1.0, X-CUBE-AZRTOS-F7_V1.1.0, X-CUBE-AZRTOS-G0_V1.1.0, X-CUBE-AZRTOS-G4_V2.0.0, X-CUBE-AZRTOS-H7RS_V1.1.0, X-CUBE-AZRTOS-H7_V3.3.0, X-CUBE-AZRTOS-L4_V2.0.0, X-CUBE-AZRTOS-L5_V2.0.0, X-CUBE-AZRTOS-WB_V2.0.0, X-CUBE-AZRTOS-WL_V2.0.0, X-CUBE-BLE1_V7.1.0, X-CUBE-BLE2_V3.3.0, X-CUBE-BLEMGR_V4.0.0, X-CUBE-EEPRMA1_V5.1.0, X-CUBE-FREERTOS_V1.3.0, X-CUBE-GNSS1_V6.0.0, X-CUBE-MEMS1_V11.2.0, X-CUBE-NFC4_V3.0.0, X-CUBE-NFC7_V1.0.1, X-CUBE-SFXS2LP1_V4.0.0, X-CUBE-SUBG2_V5.0.0, X-CUBE-TOF1_V3.4.3]
2025-05-23 12:09:07,916 [INFO] DbBoardsSqlite:226 - include board P-NUCLEO-WB55-NUCLEO as a kit item of type 'Nucleo-64'
2025-05-23 12:09:07,917 [INFO] DbBoardsSqlite:226 - include board P-NUCLEO-WB55-USBDONGLE as a kit item of type 'Nucleo USB Dongle'
2025-05-23 12:09:07,920 [INFO] DbBoardsSqlite:226 - include board STEVAL-IDP005V1 as a kit item of type 'Evaluation Board'
2025-05-23 12:09:07,921 [INFO] DbBoardsSqlite:226 - include board STEVAL-IDP005V2 as a kit item of type 'Evaluation Board'
2025-05-23 12:09:08,766 [INFO] ApiDb:240 - Found 895 in-development CPN: [B-G473E-ZEST1S, B-WB1M-WPAN1, B-WBA5M-WPAN, B-WL5M-SUBG1, NUCLEO-C031C6, NUCLEO-C051C8, NUCLEO-C071RB, NUCLEO-C092RC, NUCLEO-H503RB, NUCLEO-H533RE, NUCLEO-H563ZI, NUCLEO-H7S3L8, NUCLEO-N657X0-Q, NUCLEO-U031R8, NUCLEO-U083RC, NUCLEO-U385RG-Q, NUCLEO-U545RE-Q, NUCLEO-U5A5ZJ-Q, NUCLEO-WB05KZ, NUCLEO-WB07CC, NUCLEO-WB09KE, NUCLEO-WBA52CG, NUCLEO-WBA55CG, NUCLEO-WBA65RI, NUCLEO-WL33CC1, NUCLEO-WL33CC2, STEVAL-PROTEUS1, STEVAL-SMARTAG2, STEVAL-STWINBX1, STM320518-EVAL, STM32C0116-DK, STM32C011D6Y3TR, STM32C011D6Y6TR, STM32C011F4P3, STM32C011F4P6, STM32C011F4U3, STM32C011F4U6TR, STM32C011F6P3, STM32C011F6P6, STM32C011F6U3, STM32C011F6U6TR, STM32C011J4M3, STM32C011J4M6, STM32C011J6M3, STM32C011J6M6, STM32C0316-DK, STM32C031C4T3, STM32C031C4T6, STM32C031C4U3, STM32C031C4U6, STM32C031C6T3, STM32C031C6T6, STM32C031C6U3, STM32C031C6U6, STM32C031F4P3, STM32C031F4P6, STM32C031F6P3, STM32C031F6P6, STM32C031G4U3, STM32C031G4U6, STM32C031G6U3, STM32C031G6U6, STM32C031K4T3, STM32C031K4T6, STM32C031K4U3, STM32C031K4U6, STM32C031K6T3, STM32C031K6T6, STM32C031K6U3, STM32C031K6U6, STM32C051C6T6, STM32C051C6U6, STM32C051C8T6, STM32C051C8U6, STM32C051D8Y6TR, STM32C051F6P6, STM32C051F8P6, STM32C051G6U6, STM32C051G8U6, STM32C051K6T6, STM32C051K6U6, STM32C051K8T6, STM32C071C8T6, STM32C071C8T6N, STM32C071C8U6, STM32C071C8U6N, STM32C071CBT6, STM32C071CBT6N, STM32C071CBU6, STM32C071CBU6N, STM32C071F8P6, STM32C071F8P6N, STM32C071FBP6, STM32C071FBP6N, STM32C071FBY6TR, STM32C071G8U6, STM32C071G8U6N, STM32C071GBU6, STM32C071GBU6N, STM32C071K8T6, STM32C071K8T6N, STM32C071K8U6, STM32C071K8U6N, STM32C071KBT6, STM32C071KBT6N, STM32C071KBU6, STM32C071KBU6N, STM32C071R8T6, STM32C071R8T6N, STM32C071RBI6N, STM32C071RBT6, STM32C071RBT6N, STM32C091CBT6, STM32C091CBU6, STM32C091CCT6, STM32C091CCU6, STM32C091ECY6TR, STM32C091FBP6, STM32C091FCP6, STM32C091GBU6, STM32C091GCU6, STM32C091KBT6, STM32C091KBU6, STM32C091KCT6, STM32C091KCU6, STM32C091RBT6, STM32C091RCI6, STM32C091RCT6, STM32C092CBT6, STM32C092CBU6, STM32C092CCT6, STM32C092CCU6, STM32C092ECY6TR, STM32C092FBP6, STM32C092FCP6, STM32C092GBU6, STM32C092GCU6, STM32C092KBT6, STM32C092KBU6, STM32C092KCT6, STM32C092KCU6, STM32C092RBT6, STM32C092RCI6, STM32C092RCT6, STM32G071K8TXN, STM32G071K8UXN, STM32G081GBU6N, STM32G081KBT6N, STM32G081KBUXN, STM32G0B1CCT6N, STM32G0B1KCT6, STM32G0B1NEY6TR, STM32G0B1RCT6N, STM32G0C1CCT6, STM32G0C1CCT6N, STM32G0C1CCU6N, STM32G0C1CET6N, STM32G0C1CEU6N, STM32G0C1KCT6, STM32G0C1NEY6TR, STM32G0C1RCI6N, STM32G0C1RCT6N, STM32G0C1REI6N, STM32G0C1RET6N, STM32G0C1VCI6, STM32G0C1VEI6, STM32G411C6T3, STM32G411C6T6, STM32G411C6U3, STM32G411C6U6, STM32G411C8T3, STM32G411C8T6, STM32G411C8U3, STM32G411C8U6, STM32G411CBT3, STM32G411CBT6, STM32G411CBU3, STM32G411CBU6, STM32G411CCT3, STM32G411CCT6, STM32G411CCU3, STM32G411CCU6, STM32G411K6T3, STM32G411K6T6, STM32G411K6U3, STM32G411K6U6, STM32G411K8T3, STM32G411K8T6, STM32G411K8U3, STM32G411K8U6, STM32G411KBT3, STM32G411KBT6, STM32G411KBU3, STM32G411KBU6, STM32G411M6T3, STM32G411M6T6, STM32G411M8T3, STM32G411M8T6, STM32G411MBT3, STM32G411MBT6, STM32G411MCT3, STM32G411MCT6, STM32G411R6T3, STM32G411R6T6, STM32G411R8T3, STM32G411R8T6, STM32G411RBT3, STM32G411RBT6, STM32G411RCT3, STM32G411RCT6, STM32G414CBT3, STM32G414CBT6, STM32G414CBU3, STM32G414CBU6, STM32G414CCT3, STM32G414CCT6, STM32G414CCU3, STM32G414CCU6, STM32G414MBT3, STM32G414MBT6, STM32G414MCT3, STM32G414MCT6, STM32G414RBT3, STM32G414RBT6, STM32G414RCT3, STM32G414RCT6, STM32G414VBT3, STM32G414VBT6, STM32G414VCT3, STM32G414VCT6, STM32G431CBT3Z, STM32G431RBT3Z, STM32G471CCT6, STM32G471CCU6, STM32G471CET3, STM32G471CET6, STM32G471CEU3, STM32G471CEU6, STM32G471MCT6, STM32G471MET3, STM32G471MET6, STM32G471MEY6TR, STM32G471QCT6, STM32G471QET3, STM32G471RCT6, STM32G471RET3, STM32G471RET6, STM32G471VCH6, STM32G471VCI6, STM32G471VCT6, STM32G471VEH3, STM32G471VEH6, STM32G471VEI3, STM32G471VEI6, STM32G471VET3, STM32G471VET6, STM32G473QET3Z, STM32G473RET3Z, STM32G474CCT6, STM32G491RET3Z, STM32H503CBT6, STM32H503CBU6, STM32H503EBY6TR, STM32H503KBU6, STM32H503RBT6, STM32H523CCT6, STM32H523CCU6, STM32H523CET6, STM32H523CEU6, STM32H523HEY6TR, STM32H523RCT6, STM32H523RET6, STM32H523VCI6, STM32H523VCT6, STM32H523VEI6, STM32H523VET6, STM32H523ZCJ6, STM32H523ZCT6, STM32H523ZEJ6, STM32H523ZET6, STM32H533CET6, STM32H533CEU6, STM32H533HEY6TR, STM32H533RET6, STM32H533VEI6, STM32H533VET6, STM32H533ZEJ6, STM32H533ZET6, STM32H562AGI6, STM32H562AII6, STM32H562IGK6, STM32H562IGT6, STM32H562IIK6, STM32H562IIT6, STM32H562RGT6, STM32H562RGV6, STM32H562RIT6, STM32H562RIV6, STM32H562VGT6, STM32H562VIT6, STM32H562ZGT6, STM32H562ZIT6, STM32H563AGI6, STM32H563AII3Q, STM32H563AII6, STM32H563IGK6, STM32H563IGT6, STM32H563IIK3Q, STM32H563IIK6, STM32H563IIT3Q, STM32H563IIT6, STM32H563MIY3QTR, STM32H563RGT6, STM32H563RGV6, STM32H563RIT6, STM32H563RIV6, STM32H563VGT6, STM32H563VIT3Q, STM32H563VIT6, STM32H563ZGT6, STM32H563ZIT3Q, STM32H563ZIT6, STM32H573AII3Q, STM32H573AII6, STM32H573I-DK, STM32H573IIK3Q, STM32H573IIK6, STM32H573IIT3Q, STM32H573IIT6, STM32H573MIY3QTR, STM32H573RIT6, STM32H573RIV6, STM32H573VIT3Q, STM32H573VIT6, STM32H573ZIT3Q, STM32H573ZIT6, STM32H7R3A8I6, STM32H7R3I8K6, STM32H7R3I8T6, STM32H7R3L8H6, STM32H7R3L8H6H, STM32H7R3R8V6, STM32H7R3V8H6, STM32H7R3V8T6, STM32H7R3V8Y6TR, STM32H7R3Z8J6, STM32H7R3Z8T6, STM32H7R7A8I6, STM32H7R7I8K6, STM32H7R7I8T6, STM32H7R7L8H6, STM32H7R7L8H6H, STM32H7R7Z8J6, STM32H7S3A8I6, STM32H7S3I8K6, STM32H7S3I8T6, STM32H7S3L8H6, STM32H7S3L8H6H, STM32H7S3R8V6, STM32H7S3V8H6, STM32H7S3V8T6, STM32H7S3V8Y6TR, STM32H7S3Z8J6, STM32H7S3Z8T6, STM32H7S78-DK, STM32H7S7A8I6, STM32H7S7I8K6, STM32H7S7I8T6, STM32H7S7L8H6, STM32H7S7L8H6H, STM32H7S7Z8J6, STM32L4R5QGI6STR, STM32MP131AAE3, STM32MP131AAF3, STM32MP131AAG3, STM32MP131CAE3, STM32MP131CAF3, STM32MP131CAG3, STM32MP131DAE7, STM32MP131DAF7, STM32MP131DAG7, STM32MP131FAE7, STM32MP131FAF7, STM32MP131FAG7, STM32MP133AAE3, STM32MP133AAF3, STM32MP133AAG3, STM32MP133CAE3, STM32MP133CAF3, STM32MP133CAG3, STM32MP133DAE7, STM32MP133DAF7, STM32MP133DAG7, STM32MP133FAE7, STM32MP133FAF7, STM32MP133FAG7, STM32MP135AAE3, STM32MP135AAF3, STM32MP135AAG3, STM32MP135CAE3, STM32MP135CAF3, STM32MP135CAG3, STM32MP135DAE7, STM32MP135DAF7, STM32MP135DAG7, STM32MP135F-DK, STM32MP135FAE7, STM32MP135FAF7, STM32MP135FAF7T, STM32MP135FAF7U, STM32MP135FAG7, STM32MP231AAJ3, STM32MP231AAK3, STM32MP231AAL3, STM32MP231CAJ3, STM32MP231CAK3, STM32MP231CAL3, STM32MP231DAJ3, STM32MP231DAK3, STM32MP231DAL3, STM32MP231FAJ3, STM32MP231FAK3, STM32MP231FAL3, STM32MP233AAJ3, STM32MP233AAK3, STM32MP233AAL3, STM32MP233CAJ3, STM32MP233CAK3, STM32MP233CAL3, STM32MP233DAJ3, STM32MP233DAK3, STM32MP233DAL3, STM32MP233FAJ3, STM32MP233FAK3, STM32MP233FAL3, STM32MP235AAJ3, STM32MP235AAK3, STM32MP235AAL3, STM32MP235CAJ3, STM32MP235CAK3, STM32MP235CAL3, STM32MP235DAJ3, STM32MP235DAK3, STM32MP235DAL3, STM32MP235FAJ3, STM32MP235FAK3, STM32MP235FAL3, STM32MP251AAI3, STM32MP251AAJ3, STM32MP251AAK3, STM32MP251AAL3, STM32MP251CAI3, STM32MP251CAJ3, STM32MP251CAK3, STM32MP251CAL3, STM32MP251DAI3, STM32MP251DAJ3, STM32MP251DAK3, STM32MP251DAL3, STM32MP251FAI3, STM32MP251FAJ3, STM32MP251FAK3, STM32MP251FAL3, STM32MP253AAI3, STM32MP253AAJ3, STM32MP253AAK3, STM32MP253AAL3, STM32MP253CAI3, STM32MP253CAJ3, STM32MP253CAK3, STM32MP253CAL3, STM32MP253DAI3, STM32MP253DAJ3, STM32MP253DAK3, STM32MP253DAL3, STM32MP253FAI3, STM32MP253FAJ3, STM32MP253FAK3, STM32MP253FAL3, STM32MP255AAI3, STM32MP255AAJ3, STM32MP255AAK3, STM32MP255AAL3, STM32MP255CAI3, STM32MP255CAJ3, STM32MP255CAK3, STM32MP255CAL3, STM32MP255DAI3, STM32MP255DAJ3, STM32MP255DAK3, STM32MP255DAL3, STM32MP255FAI3, STM32MP255FAJ3, STM32MP255FAK3, STM32MP255FAL3, STM32MP257AAI3, STM32MP257AAJ3, STM32MP257AAK3, STM32MP257AAL3, STM32MP257CAI3, STM32MP257CAJ3, STM32MP257CAK3, STM32MP257CAL3, STM32MP257DAI3, STM32MP257DAJ3, STM32MP257DAK3, STM32MP257DAL3, STM32MP257F-DK, STM32MP257F-EV1, STM32MP257FAI3, STM32MP257FAJ3, STM32MP257FAK3, STM32MP257FAL3, STM32N645A0H3Q, STM32N645B0H3Q, STM32N645I0H3Q, STM32N645L0H3Q, STM32N645X0H3Q, STM32N645Z0H3Q, STM32N647A0H3Q, STM32N647B0H3Q, STM32N647I0H3Q, STM32N647L0H3Q, STM32N647X0H3Q, STM32N647Z0H3Q, STM32N655A0H3Q, STM32N655B0H3Q, STM32N655I0H3Q, STM32N655L0H3Q, STM32N655X0H3Q, STM32N655Z0H3Q, STM32N6570-DK, STM32N657A0H3Q, STM32N657B0H3Q, STM32N657I0H3Q, STM32N657L0H3Q, STM32N657X0H3Q, STM32N657Z0H3Q, STM32U031C6T6, STM32U031C6U6, STM32U031C8T6, STM32U031C8U6, STM32U031F4P6, STM32U031F6P6, STM32U031F8P6, STM32U031G6Y6TR, STM32U031G8Y6TR, STM32U031K4U6, STM32U031K6U6, STM32U031K8U6, STM32U031R6I6, STM32U031R6T6, STM32U031R8I6, STM32U031R8T6, STM32U073C8T6, STM32U073C8U6, STM32U073CBT6, STM32U073CBU6, STM32U073CCT6, STM32U073CCU6, STM32U073H8Y6TR, STM32U073HBY6TR, STM32U073HCY6TR, STM32U073K8U6, STM32U073KBU6, STM32U073KCU6, STM32U073M8I6, STM32U073M8T6, STM32U073MBI6, STM32U073MBT6, STM32U073MCI6, STM32U073MCT6, STM32U073R8I6, STM32U073R8T6, STM32U073RBI6, STM32U073RBT6, STM32U073RCI6, STM32U073RCT6, STM32U083C-DK, STM32U083CCT6, STM32U083CCU6, STM32U083HCY6TR, STM32U083KCU6, STM32U083MCI6, STM32U083MCT6, STM32U083RCI6, STM32U083RCT6, STM32U375CET6, STM32U375CET6Q, STM32U375CEU6, STM32U375CEU6Q, STM32U375CEY6QTR, STM32U375CGT6, STM32U375CGT6Q, STM32U375CGU6, STM32U375CGU6Q, STM32U375CGY6QTR, STM32U375KEU6, STM32U375KGU6, STM32U375REI6, STM32U375REI6Q, STM32U375RET6, STM32U375RET6Q, STM32U375REY6GTR, STM32U375REY6QTR, STM32U375RGI6, STM32U375RGI6Q, STM32U375RGT6, STM32U375RGT6Q, STM32U375RGY6GTR, STM32U375RGY6QTR, STM32U375VEI6, STM32U375VEI6Q, STM32U375VET6, STM32U375VET6Q, STM32U375VGI6, STM32U375VGI6Q, STM32U375VGT6, STM32U375VGT6Q, STM32U385CGT6, STM32U385CGT6Q, STM32U385CGU6, STM32U385CGU6Q, STM32U385CGY6QTR, STM32U385KGU6, STM32U385RGI6, STM32U385RGI6Q, STM32U385RGT6, STM32U385RGT6Q, STM32U385RGY6GTR, STM32U385RGY6QTR, STM32U385VGI6, STM32U385VGI6Q, STM32U385VGT6, STM32U385VGT6Q, STM32U535CBT6, STM32U535CBT6Q, STM32U535CBU6, STM32U535CBU6Q, STM32U535CCT6, STM32U535CCT6Q, STM32U535CCU6, STM32U535CCU6Q, STM32U535CET6, STM32U535CET6Q, STM32U535CEU6, STM32U535CEU6Q, STM32U535JEY6QTR, STM32U535NCY6QTR, STM32U535NEY6QTR, STM32U535RBI6, STM32U535RBI6Q, STM32U535RBT6, STM32U535RBT6Q, STM32U535RCI6, STM32U535RCI6Q, STM32U535RCT6, STM32U535RCT6Q, STM32U535REI6, STM32U535REI6Q, STM32U535RET6, STM32U535RET6Q, STM32U535VCI6, STM32U535VCI6Q, STM32U535VCT6, STM32U535VCT6Q, STM32U535VEI6, STM32U535VEI6Q, STM32U535VET6, STM32U535VET6Q, STM32U545CET6, STM32U545CET6Q, STM32U545CEU6, STM32U545CEU6Q, STM32U545JEY6QTR, STM32U545NEY6QTR, STM32U545REI6, STM32U545REI6Q, STM32U545RET6, STM32U545RET6Q, STM32U545VEI6, STM32U545VEI6Q, STM32U545VET6, STM32U545VET6Q, STM32U595AIH6, STM32U595AIH6Q, STM32U595AJH6, STM32U595AJH6Q, STM32U595QII6, STM32U595QII6Q, STM32U595QJI6, STM32U595QJI6Q, STM32U595RIT6, STM32U595RIT6Q, STM32U595RJT6, STM32U595RJT6Q, STM32U595VIT6, STM32U595VIT6Q, STM32U595VJT6, STM32U595VJT6Q, STM32U595ZIT6, STM32U595ZIT6Q, STM32U595ZIY6QTR, STM32U595ZJT6, STM32U595ZJT6Q, STM32U595ZJY6QTR, STM32U599BJY6QTR, STM32U599NIH6Q, STM32U599NJH6Q, STM32U599VIT6Q, STM32U599VJT6, STM32U599VJT6Q, STM32U599ZIT6Q, STM32U599ZIY6QTR, STM32U599ZJT6Q, STM32U599ZJY6QTR, STM32U5A5AJH6, STM32U5A5AJH6Q, STM32U5A5QII3Q , STM32U5A5QJI6, STM32U5A5QJI6Q, STM32U5A5RJT6, STM32U5A5RJT6Q, STM32U5A5VJT6, STM32U5A5VJT6Q, STM32U5A5ZJT6, STM32U5A5ZJT6Q, STM32U5A5ZJY6QTR, STM32U5A9BJY6QTR, STM32U5A9J-DK, STM32U5A9NJH6Q, STM32U5A9VJT6Q, STM32U5A9ZJT6Q, STM32U5A9ZJY6QTR, STM32U5F7VIT6, STM32U5F7VIT6Q, STM32U5F7VJT6, STM32U5F7VJT6Q, STM32U5F9BJY6QTR, STM32U5F9NJH6Q, STM32U5F9VIT6Q, STM32U5F9VJT6Q, STM32U5F9ZIJ6QTR, STM32U5F9ZIT6Q, STM32U5F9ZJJ6QTR, STM32U5F9ZJT6Q, STM32U5G7VJT6, STM32U5G7VJT6Q, STM32U5G9BJY6QTR, STM32U5G9J-DK1, STM32U5G9J-DK2, STM32U5G9NJH6Q, STM32U5G9VJT6Q, STM32U5G9ZJJ6QTR, STM32U5G9ZJT6Q, STM32WB05KZV6TR, STM32WB05KZV7TR, STM32WB05TZF6TR, STM32WB05TZF7TR, STM32WB06CCF6TR, STM32WB06CCF7TR, STM32WB06CCV6TR, STM32WB06CCV7TR, STM32WB06KCV6TR, STM32WB06KCV7TR, STM32WB07CCF6TR, STM32WB07CCF7TR, STM32WB07CCV6TR, STM32WB07CCV7TR, STM32WB07KCV6TR, STM32WB07KCV7TR, STM32WB09KEV6TR, STM32WB09KEV7TR, STM32WB09TEF6TR, STM32WB09TEF7TR, STM32WB1MMCH6, STM32WBA50KGU6, STM32WBA50KGU6TR, STM32WBA52CEU6, STM32WBA52CEU6TR, STM32WBA52CEU7, STM32WBA52CEU7TR, STM32WBA52CGU6, STM32WBA52CGU6TR, STM32WBA52CGU6U, STM32WBA52CGU7, STM32WBA52CGU7TR, STM32WBA52KEU6, STM32WBA52KEU6TR, STM32WBA52KGU6, STM32WBA52KGU6TR, STM32WBA54CEU6, STM32WBA54CEU6TR, STM32WBA54CEU7, STM32WBA54CEU7TR, STM32WBA54CGU6, STM32WBA54CGU6TR, STM32WBA54CGU7, STM32WBA54CGU7TR, STM32WBA54KEU6, STM32WBA54KEU6TR, STM32WBA54KEU7, STM32WBA54KEU7TR, STM32WBA54KGU6, STM32WBA54KGU6TR, STM32WBA54KGU7, STM32WBA54KGU7TR, STM32WBA55CEU6, STM32WBA55CEU6TR, STM32WBA55CEU7, STM32WBA55CEU7TR, STM32WBA55CGU6, STM32WBA55CGU6TR, STM32WBA55CGU6U, STM32WBA55CGU7, STM32WBA55CGU7TR, STM32WBA55G-DK1, STM32WBA55HEF6, STM32WBA55HEF7, STM32WBA55HGF6, STM32WBA55HGF7, STM32WBA55UEI6, STM32WBA55UEI6TR, STM32WBA55UEI7, STM32WBA55UEI7TR, STM32WBA55UGI6, STM32WBA55UGI6TR, STM32WBA55UGI7, STM32WBA55UGI7TR, STM32WBA5MJGH6TR, STM32WBA62CGU6, STM32WBA62CIU6, STM32WBA62MGF6, STM32WBA62MIF6, STM32WBA62PGI6, STM32WBA62PII6, STM32WBA63CGU6, STM32WBA63CGU7, STM32WBA63CIU6, STM32WBA63CIU7, STM32WBA64CGU6, STM32WBA64CGU7, STM32WBA64CIU6, STM32WBA64CIU7, STM32WBA65CGU6, STM32WBA65CGU7, STM32WBA65CIU6, STM32WBA65CIU7, STM32WBA65I-DK1, STM32WBA65MGF6, STM32WBA65MGF7, STM32WBA65MIF6, STM32WBA65MIF7, STM32WBA65PGI6, STM32WBA65PGI7, STM32WBA65PII6, STM32WBA65PII7, STM32WBA65RGV6, STM32WBA65RGV7, STM32WBA65RIV6, STM32WBA65RIV7, STM32WL30K8V6, STM32WL30KBV6, STM32WL31C8V6, STM32WL31CBV6, STM32WL31K8V6, STM32WL31KBV6, STM32WL33C8V6, STM32WL33C8V6TR, STM32WL33C8V7, STM32WL33C8V7TR, STM32WL33CBV6, STM32WL33CBV6TR, STM32WL33CBV7, STM32WL33CBV7TR, STM32WL33CCV6, STM32WL33CCV6TR, STM32WL33CCV7, STM32WL33CCV7A, STM32WL33CCV7ATR, STM32WL33CCV7TR, STM32WL33K8V6, STM32WL33K8V6TR, STM32WL33K8V7, STM32WL33K8V7TR, STM32WL33KBV6, STM32WL33KBV6TR, STM32WL33KBV7, STM32WL33KBV7TR, STM32WL33KCV6, STM32WL33KCV6TR, STM32WL33KCV7, STM32WL33KCV7TR, STM32WL5MOCH6, STM32WL5MOCH6TR]
2025-05-23 12:09:09,129 [INFO] BoardInfo:889 - No configuration file found for board P-NUCLEO-WB55
2025-05-23 12:09:09,131 [INFO] DbBoards:161 - Kit is not supported: P-NUCLEO-WB55
2025-05-23 12:09:09,145 [INFO] BoardInfo:889 - No configuration file found for board STEVAL-BFA001V1B
2025-05-23 12:09:09,147 [INFO] DbBoards:161 - Kit is not supported: STEVAL-BFA001V1B
2025-05-23 12:09:09,149 [INFO] BoardInfo:889 - No configuration file found for board STEVAL-BFA001V2B
2025-05-23 12:09:09,152 [INFO] DbBoards:161 - Kit is not supported: STEVAL-BFA001V2B
2025-05-23 12:09:09,636 [INFO] DbBoards:168 - Found 211 boards, 208 are supported
2025-05-23 12:09:09,636 [INFO] DbBoards:169 - Found 211 boards, 43 of them is supported for  Bsp
2025-05-23 12:09:09,643 [INFO] ApiDb:668 - CubeFinder database Data Model version=2.1
2025-05-23 12:09:09,643 [INFO] ApiDb:669 - CubeFinder database Configuration version=3.0.39
2025-05-23 12:09:09,643 [INFO] ApiDb:670 - CubeFinder database generation date=2025-04-23 (1745419778)
2025-05-23 12:09:09,643 [INFO] ApiDb:671 - CubeFinder database FW Pack versions=[FP-ATR-ASTRA1_V2.0.0, FP-SNS-FLIGHT1_V5.1.0, FP-SNS-MOTENV1_V5.0.0, FP-SNS-MOTENVWB1_V1.4.0, FP-SNS-SMARTAG2_V1.2.0, FP-SNS-STBOX1_V2.0.0, STM32Cube_FW_C0_V1.4.0, STM32Cube_FW_F4_V1.28.1, STM32Cube_FW_F7_V1.17.2, STM32Cube_FW_G0_V1.6.2, STM32Cube_FW_G4_V1.6.1, STM32Cube_FW_H5_V1.5.0, STM32Cube_FW_H7RS_V1.2.0, STM32Cube_FW_H7_V1.12.1, STM32Cube_FW_L0_V1.12.2, STM32Cube_FW_L4_V1.18.1, STM32Cube_FW_L5_V1.5.1, STM32Cube_FW_N6_V1.1.1, STM32Cube_FW_U0_V1.2.0, STM32Cube_FW_U3_V1.1.0, STM32Cube_FW_U5_V1.7.0, STM32Cube_FW_WB0_V1.2.0, STM32Cube_FW_WBA_V1.6.0, STM32Cube_FW_WB_V1.22.0, STM32Cube_FW_WL3_V1.1.0, STM32Cube_FW_WL_V1.3.1, X-CUBE-ALGOBUILD_V1.4.0, X-CUBE-ALS_V1.0.2, X-CUBE-AZRTOS-F4_V1.1.0, X-CUBE-AZRTOS-F7_V1.1.0, X-CUBE-AZRTOS-G0_V1.1.0, X-CUBE-AZRTOS-G4_V2.0.0, X-CUBE-AZRTOS-H7RS_V1.1.0, X-CUBE-AZRTOS-H7_V3.3.0, X-CUBE-AZRTOS-L4_V2.0.0, X-CUBE-AZRTOS-L5_V2.0.0, X-CUBE-AZRTOS-WB_V2.0.0, X-CUBE-AZRTOS-WL_V2.0.0, X-CUBE-BLE1_V7.1.0, X-CUBE-BLE2_V3.3.0, X-CUBE-BLEMGR_V4.0.0, X-CUBE-EEPRMA1_V5.1.0, X-CUBE-FREERTOS_V1.3.0, X-CUBE-GNSS1_V6.0.0, X-CUBE-MEMS1_V11.2.0, X-CUBE-NFC4_V3.0.0, X-CUBE-NFC7_V1.0.1, X-CUBE-SFXS2LP1_V4.0.0, X-CUBE-SUBG2_V5.0.0, X-CUBE-TOF1_V3.4.3]
2025-05-23 12:09:13,053 [INFO] ApiDb:240 - Found 895 in-development CPN: [B-G473E-ZEST1S, B-WB1M-WPAN1, B-WBA5M-WPAN, B-WL5M-SUBG1, NUCLEO-C031C6, NUCLEO-C051C8, NUCLEO-C071RB, NUCLEO-C092RC, NUCLEO-H503RB, NUCLEO-H533RE, NUCLEO-H563ZI, NUCLEO-H7S3L8, NUCLEO-N657X0-Q, NUCLEO-U031R8, NUCLEO-U083RC, NUCLEO-U385RG-Q, NUCLEO-U545RE-Q, NUCLEO-U5A5ZJ-Q, NUCLEO-WB05KZ, NUCLEO-WB07CC, NUCLEO-WB09KE, NUCLEO-WBA52CG, NUCLEO-WBA55CG, NUCLEO-WBA65RI, NUCLEO-WL33CC1, NUCLEO-WL33CC2, STEVAL-PROTEUS1, STEVAL-SMARTAG2, STEVAL-STWINBX1, STM320518-EVAL, STM32C0116-DK, STM32C011D6Y3TR, STM32C011D6Y6TR, STM32C011F4P3, STM32C011F4P6, STM32C011F4U3, STM32C011F4U6TR, STM32C011F6P3, STM32C011F6P6, STM32C011F6U3, STM32C011F6U6TR, STM32C011J4M3, STM32C011J4M6, STM32C011J6M3, STM32C011J6M6, STM32C0316-DK, STM32C031C4T3, STM32C031C4T6, STM32C031C4U3, STM32C031C4U6, STM32C031C6T3, STM32C031C6T6, STM32C031C6U3, STM32C031C6U6, STM32C031F4P3, STM32C031F4P6, STM32C031F6P3, STM32C031F6P6, STM32C031G4U3, STM32C031G4U6, STM32C031G6U3, STM32C031G6U6, STM32C031K4T3, STM32C031K4T6, STM32C031K4U3, STM32C031K4U6, STM32C031K6T3, STM32C031K6T6, STM32C031K6U3, STM32C031K6U6, STM32C051C6T6, STM32C051C6U6, STM32C051C8T6, STM32C051C8U6, STM32C051D8Y6TR, STM32C051F6P6, STM32C051F8P6, STM32C051G6U6, STM32C051G8U6, STM32C051K6T6, STM32C051K6U6, STM32C051K8T6, STM32C071C8T6, STM32C071C8T6N, STM32C071C8U6, STM32C071C8U6N, STM32C071CBT6, STM32C071CBT6N, STM32C071CBU6, STM32C071CBU6N, STM32C071F8P6, STM32C071F8P6N, STM32C071FBP6, STM32C071FBP6N, STM32C071FBY6TR, STM32C071G8U6, STM32C071G8U6N, STM32C071GBU6, STM32C071GBU6N, STM32C071K8T6, STM32C071K8T6N, STM32C071K8U6, STM32C071K8U6N, STM32C071KBT6, STM32C071KBT6N, STM32C071KBU6, STM32C071KBU6N, STM32C071R8T6, STM32C071R8T6N, STM32C071RBI6N, STM32C071RBT6, STM32C071RBT6N, STM32C091CBT6, STM32C091CBU6, STM32C091CCT6, STM32C091CCU6, STM32C091ECY6TR, STM32C091FBP6, STM32C091FCP6, STM32C091GBU6, STM32C091GCU6, STM32C091KBT6, STM32C091KBU6, STM32C091KCT6, STM32C091KCU6, STM32C091RBT6, STM32C091RCI6, STM32C091RCT6, STM32C092CBT6, STM32C092CBU6, STM32C092CCT6, STM32C092CCU6, STM32C092ECY6TR, STM32C092FBP6, STM32C092FCP6, STM32C092GBU6, STM32C092GCU6, STM32C092KBT6, STM32C092KBU6, STM32C092KCT6, STM32C092KCU6, STM32C092RBT6, STM32C092RCI6, STM32C092RCT6, STM32G071K8TXN, STM32G071K8UXN, STM32G081GBU6N, STM32G081KBT6N, STM32G081KBUXN, STM32G0B1CCT6N, STM32G0B1KCT6, STM32G0B1NEY6TR, STM32G0B1RCT6N, STM32G0C1CCT6, STM32G0C1CCT6N, STM32G0C1CCU6N, STM32G0C1CET6N, STM32G0C1CEU6N, STM32G0C1KCT6, STM32G0C1NEY6TR, STM32G0C1RCI6N, STM32G0C1RCT6N, STM32G0C1REI6N, STM32G0C1RET6N, STM32G0C1VCI6, STM32G0C1VEI6, STM32G411C6T3, STM32G411C6T6, STM32G411C6U3, STM32G411C6U6, STM32G411C8T3, STM32G411C8T6, STM32G411C8U3, STM32G411C8U6, STM32G411CBT3, STM32G411CBT6, STM32G411CBU3, STM32G411CBU6, STM32G411CCT3, STM32G411CCT6, STM32G411CCU3, STM32G411CCU6, STM32G411K6T3, STM32G411K6T6, STM32G411K6U3, STM32G411K6U6, STM32G411K8T3, STM32G411K8T6, STM32G411K8U3, STM32G411K8U6, STM32G411KBT3, STM32G411KBT6, STM32G411KBU3, STM32G411KBU6, STM32G411M6T3, STM32G411M6T6, STM32G411M8T3, STM32G411M8T6, STM32G411MBT3, STM32G411MBT6, STM32G411MCT3, STM32G411MCT6, STM32G411R6T3, STM32G411R6T6, STM32G411R8T3, STM32G411R8T6, STM32G411RBT3, STM32G411RBT6, STM32G411RCT3, STM32G411RCT6, STM32G414CBT3, STM32G414CBT6, STM32G414CBU3, STM32G414CBU6, STM32G414CCT3, STM32G414CCT6, STM32G414CCU3, STM32G414CCU6, STM32G414MBT3, STM32G414MBT6, STM32G414MCT3, STM32G414MCT6, STM32G414RBT3, STM32G414RBT6, STM32G414RCT3, STM32G414RCT6, STM32G414VBT3, STM32G414VBT6, STM32G414VCT3, STM32G414VCT6, STM32G431CBT3Z, STM32G431RBT3Z, STM32G471CCT6, STM32G471CCU6, STM32G471CET3, STM32G471CET6, STM32G471CEU3, STM32G471CEU6, STM32G471MCT6, STM32G471MET3, STM32G471MET6, STM32G471MEY6TR, STM32G471QCT6, STM32G471QET3, STM32G471RCT6, STM32G471RET3, STM32G471RET6, STM32G471VCH6, STM32G471VCI6, STM32G471VCT6, STM32G471VEH3, STM32G471VEH6, STM32G471VEI3, STM32G471VEI6, STM32G471VET3, STM32G471VET6, STM32G473QET3Z, STM32G473RET3Z, STM32G474CCT6, STM32G491RET3Z, STM32H503CBT6, STM32H503CBU6, STM32H503EBY6TR, STM32H503KBU6, STM32H503RBT6, STM32H523CCT6, STM32H523CCU6, STM32H523CET6, STM32H523CEU6, STM32H523HEY6TR, STM32H523RCT6, STM32H523RET6, STM32H523VCI6, STM32H523VCT6, STM32H523VEI6, STM32H523VET6, STM32H523ZCJ6, STM32H523ZCT6, STM32H523ZEJ6, STM32H523ZET6, STM32H533CET6, STM32H533CEU6, STM32H533HEY6TR, STM32H533RET6, STM32H533VEI6, STM32H533VET6, STM32H533ZEJ6, STM32H533ZET6, STM32H562AGI6, STM32H562AII6, STM32H562IGK6, STM32H562IGT6, STM32H562IIK6, STM32H562IIT6, STM32H562RGT6, STM32H562RGV6, STM32H562RIT6, STM32H562RIV6, STM32H562VGT6, STM32H562VIT6, STM32H562ZGT6, STM32H562ZIT6, STM32H563AGI6, STM32H563AII3Q, STM32H563AII6, STM32H563IGK6, STM32H563IGT6, STM32H563IIK3Q, STM32H563IIK6, STM32H563IIT3Q, STM32H563IIT6, STM32H563MIY3QTR, STM32H563RGT6, STM32H563RGV6, STM32H563RIT6, STM32H563RIV6, STM32H563VGT6, STM32H563VIT3Q, STM32H563VIT6, STM32H563ZGT6, STM32H563ZIT3Q, STM32H563ZIT6, STM32H573AII3Q, STM32H573AII6, STM32H573I-DK, STM32H573IIK3Q, STM32H573IIK6, STM32H573IIT3Q, STM32H573IIT6, STM32H573MIY3QTR, STM32H573RIT6, STM32H573RIV6, STM32H573VIT3Q, STM32H573VIT6, STM32H573ZIT3Q, STM32H573ZIT6, STM32H7R3A8I6, STM32H7R3I8K6, STM32H7R3I8T6, STM32H7R3L8H6, STM32H7R3L8H6H, STM32H7R3R8V6, STM32H7R3V8H6, STM32H7R3V8T6, STM32H7R3V8Y6TR, STM32H7R3Z8J6, STM32H7R3Z8T6, STM32H7R7A8I6, STM32H7R7I8K6, STM32H7R7I8T6, STM32H7R7L8H6, STM32H7R7L8H6H, STM32H7R7Z8J6, STM32H7S3A8I6, STM32H7S3I8K6, STM32H7S3I8T6, STM32H7S3L8H6, STM32H7S3L8H6H, STM32H7S3R8V6, STM32H7S3V8H6, STM32H7S3V8T6, STM32H7S3V8Y6TR, STM32H7S3Z8J6, STM32H7S3Z8T6, STM32H7S78-DK, STM32H7S7A8I6, STM32H7S7I8K6, STM32H7S7I8T6, STM32H7S7L8H6, STM32H7S7L8H6H, STM32H7S7Z8J6, STM32L4R5QGI6STR, STM32MP131AAE3, STM32MP131AAF3, STM32MP131AAG3, STM32MP131CAE3, STM32MP131CAF3, STM32MP131CAG3, STM32MP131DAE7, STM32MP131DAF7, STM32MP131DAG7, STM32MP131FAE7, STM32MP131FAF7, STM32MP131FAG7, STM32MP133AAE3, STM32MP133AAF3, STM32MP133AAG3, STM32MP133CAE3, STM32MP133CAF3, STM32MP133CAG3, STM32MP133DAE7, STM32MP133DAF7, STM32MP133DAG7, STM32MP133FAE7, STM32MP133FAF7, STM32MP133FAG7, STM32MP135AAE3, STM32MP135AAF3, STM32MP135AAG3, STM32MP135CAE3, STM32MP135CAF3, STM32MP135CAG3, STM32MP135DAE7, STM32MP135DAF7, STM32MP135DAG7, STM32MP135F-DK, STM32MP135FAE7, STM32MP135FAF7, STM32MP135FAF7T, STM32MP135FAF7U, STM32MP135FAG7, STM32MP231AAJ3, STM32MP231AAK3, STM32MP231AAL3, STM32MP231CAJ3, STM32MP231CAK3, STM32MP231CAL3, STM32MP231DAJ3, STM32MP231DAK3, STM32MP231DAL3, STM32MP231FAJ3, STM32MP231FAK3, STM32MP231FAL3, STM32MP233AAJ3, STM32MP233AAK3, STM32MP233AAL3, STM32MP233CAJ3, STM32MP233CAK3, STM32MP233CAL3, STM32MP233DAJ3, STM32MP233DAK3, STM32MP233DAL3, STM32MP233FAJ3, STM32MP233FAK3, STM32MP233FAL3, STM32MP235AAJ3, STM32MP235AAK3, STM32MP235AAL3, STM32MP235CAJ3, STM32MP235CAK3, STM32MP235CAL3, STM32MP235DAJ3, STM32MP235DAK3, STM32MP235DAL3, STM32MP235FAJ3, STM32MP235FAK3, STM32MP235FAL3, STM32MP251AAI3, STM32MP251AAJ3, STM32MP251AAK3, STM32MP251AAL3, STM32MP251CAI3, STM32MP251CAJ3, STM32MP251CAK3, STM32MP251CAL3, STM32MP251DAI3, STM32MP251DAJ3, STM32MP251DAK3, STM32MP251DAL3, STM32MP251FAI3, STM32MP251FAJ3, STM32MP251FAK3, STM32MP251FAL3, STM32MP253AAI3, STM32MP253AAJ3, STM32MP253AAK3, STM32MP253AAL3, STM32MP253CAI3, STM32MP253CAJ3, STM32MP253CAK3, STM32MP253CAL3, STM32MP253DAI3, STM32MP253DAJ3, STM32MP253DAK3, STM32MP253DAL3, STM32MP253FAI3, STM32MP253FAJ3, STM32MP253FAK3, STM32MP253FAL3, STM32MP255AAI3, STM32MP255AAJ3, STM32MP255AAK3, STM32MP255AAL3, STM32MP255CAI3, STM32MP255CAJ3, STM32MP255CAK3, STM32MP255CAL3, STM32MP255DAI3, STM32MP255DAJ3, STM32MP255DAK3, STM32MP255DAL3, STM32MP255FAI3, STM32MP255FAJ3, STM32MP255FAK3, STM32MP255FAL3, STM32MP257AAI3, STM32MP257AAJ3, STM32MP257AAK3, STM32MP257AAL3, STM32MP257CAI3, STM32MP257CAJ3, STM32MP257CAK3, STM32MP257CAL3, STM32MP257DAI3, STM32MP257DAJ3, STM32MP257DAK3, STM32MP257DAL3, STM32MP257F-DK, STM32MP257F-EV1, STM32MP257FAI3, STM32MP257FAJ3, STM32MP257FAK3, STM32MP257FAL3, STM32N645A0H3Q, STM32N645B0H3Q, STM32N645I0H3Q, STM32N645L0H3Q, STM32N645X0H3Q, STM32N645Z0H3Q, STM32N647A0H3Q, STM32N647B0H3Q, STM32N647I0H3Q, STM32N647L0H3Q, STM32N647X0H3Q, STM32N647Z0H3Q, STM32N655A0H3Q, STM32N655B0H3Q, STM32N655I0H3Q, STM32N655L0H3Q, STM32N655X0H3Q, STM32N655Z0H3Q, STM32N6570-DK, STM32N657A0H3Q, STM32N657B0H3Q, STM32N657I0H3Q, STM32N657L0H3Q, STM32N657X0H3Q, STM32N657Z0H3Q, STM32U031C6T6, STM32U031C6U6, STM32U031C8T6, STM32U031C8U6, STM32U031F4P6, STM32U031F6P6, STM32U031F8P6, STM32U031G6Y6TR, STM32U031G8Y6TR, STM32U031K4U6, STM32U031K6U6, STM32U031K8U6, STM32U031R6I6, STM32U031R6T6, STM32U031R8I6, STM32U031R8T6, STM32U073C8T6, STM32U073C8U6, STM32U073CBT6, STM32U073CBU6, STM32U073CCT6, STM32U073CCU6, STM32U073H8Y6TR, STM32U073HBY6TR, STM32U073HCY6TR, STM32U073K8U6, STM32U073KBU6, STM32U073KCU6, STM32U073M8I6, STM32U073M8T6, STM32U073MBI6, STM32U073MBT6, STM32U073MCI6, STM32U073MCT6, STM32U073R8I6, STM32U073R8T6, STM32U073RBI6, STM32U073RBT6, STM32U073RCI6, STM32U073RCT6, STM32U083C-DK, STM32U083CCT6, STM32U083CCU6, STM32U083HCY6TR, STM32U083KCU6, STM32U083MCI6, STM32U083MCT6, STM32U083RCI6, STM32U083RCT6, STM32U375CET6, STM32U375CET6Q, STM32U375CEU6, STM32U375CEU6Q, STM32U375CEY6QTR, STM32U375CGT6, STM32U375CGT6Q, STM32U375CGU6, STM32U375CGU6Q, STM32U375CGY6QTR, STM32U375KEU6, STM32U375KGU6, STM32U375REI6, STM32U375REI6Q, STM32U375RET6, STM32U375RET6Q, STM32U375REY6GTR, STM32U375REY6QTR, STM32U375RGI6, STM32U375RGI6Q, STM32U375RGT6, STM32U375RGT6Q, STM32U375RGY6GTR, STM32U375RGY6QTR, STM32U375VEI6, STM32U375VEI6Q, STM32U375VET6, STM32U375VET6Q, STM32U375VGI6, STM32U375VGI6Q, STM32U375VGT6, STM32U375VGT6Q, STM32U385CGT6, STM32U385CGT6Q, STM32U385CGU6, STM32U385CGU6Q, STM32U385CGY6QTR, STM32U385KGU6, STM32U385RGI6, STM32U385RGI6Q, STM32U385RGT6, STM32U385RGT6Q, STM32U385RGY6GTR, STM32U385RGY6QTR, STM32U385VGI6, STM32U385VGI6Q, STM32U385VGT6, STM32U385VGT6Q, STM32U535CBT6, STM32U535CBT6Q, STM32U535CBU6, STM32U535CBU6Q, STM32U535CCT6, STM32U535CCT6Q, STM32U535CCU6, STM32U535CCU6Q, STM32U535CET6, STM32U535CET6Q, STM32U535CEU6, STM32U535CEU6Q, STM32U535JEY6QTR, STM32U535NCY6QTR, STM32U535NEY6QTR, STM32U535RBI6, STM32U535RBI6Q, STM32U535RBT6, STM32U535RBT6Q, STM32U535RCI6, STM32U535RCI6Q, STM32U535RCT6, STM32U535RCT6Q, STM32U535REI6, STM32U535REI6Q, STM32U535RET6, STM32U535RET6Q, STM32U535VCI6, STM32U535VCI6Q, STM32U535VCT6, STM32U535VCT6Q, STM32U535VEI6, STM32U535VEI6Q, STM32U535VET6, STM32U535VET6Q, STM32U545CET6, STM32U545CET6Q, STM32U545CEU6, STM32U545CEU6Q, STM32U545JEY6QTR, STM32U545NEY6QTR, STM32U545REI6, STM32U545REI6Q, STM32U545RET6, STM32U545RET6Q, STM32U545VEI6, STM32U545VEI6Q, STM32U545VET6, STM32U545VET6Q, STM32U595AIH6, STM32U595AIH6Q, STM32U595AJH6, STM32U595AJH6Q, STM32U595QII6, STM32U595QII6Q, STM32U595QJI6, STM32U595QJI6Q, STM32U595RIT6, STM32U595RIT6Q, STM32U595RJT6, STM32U595RJT6Q, STM32U595VIT6, STM32U595VIT6Q, STM32U595VJT6, STM32U595VJT6Q, STM32U595ZIT6, STM32U595ZIT6Q, STM32U595ZIY6QTR, STM32U595ZJT6, STM32U595ZJT6Q, STM32U595ZJY6QTR, STM32U599BJY6QTR, STM32U599NIH6Q, STM32U599NJH6Q, STM32U599VIT6Q, STM32U599VJT6, STM32U599VJT6Q, STM32U599ZIT6Q, STM32U599ZIY6QTR, STM32U599ZJT6Q, STM32U599ZJY6QTR, STM32U5A5AJH6, STM32U5A5AJH6Q, STM32U5A5QII3Q , STM32U5A5QJI6, STM32U5A5QJI6Q, STM32U5A5RJT6, STM32U5A5RJT6Q, STM32U5A5VJT6, STM32U5A5VJT6Q, STM32U5A5ZJT6, STM32U5A5ZJT6Q, STM32U5A5ZJY6QTR, STM32U5A9BJY6QTR, STM32U5A9J-DK, STM32U5A9NJH6Q, STM32U5A9VJT6Q, STM32U5A9ZJT6Q, STM32U5A9ZJY6QTR, STM32U5F7VIT6, STM32U5F7VIT6Q, STM32U5F7VJT6, STM32U5F7VJT6Q, STM32U5F9BJY6QTR, STM32U5F9NJH6Q, STM32U5F9VIT6Q, STM32U5F9VJT6Q, STM32U5F9ZIJ6QTR, STM32U5F9ZIT6Q, STM32U5F9ZJJ6QTR, STM32U5F9ZJT6Q, STM32U5G7VJT6, STM32U5G7VJT6Q, STM32U5G9BJY6QTR, STM32U5G9J-DK1, STM32U5G9J-DK2, STM32U5G9NJH6Q, STM32U5G9VJT6Q, STM32U5G9ZJJ6QTR, STM32U5G9ZJT6Q, STM32WB05KZV6TR, STM32WB05KZV7TR, STM32WB05TZF6TR, STM32WB05TZF7TR, STM32WB06CCF6TR, STM32WB06CCF7TR, STM32WB06CCV6TR, STM32WB06CCV7TR, STM32WB06KCV6TR, STM32WB06KCV7TR, STM32WB07CCF6TR, STM32WB07CCF7TR, STM32WB07CCV6TR, STM32WB07CCV7TR, STM32WB07KCV6TR, STM32WB07KCV7TR, STM32WB09KEV6TR, STM32WB09KEV7TR, STM32WB09TEF6TR, STM32WB09TEF7TR, STM32WB1MMCH6, STM32WBA50KGU6, STM32WBA50KGU6TR, STM32WBA52CEU6, STM32WBA52CEU6TR, STM32WBA52CEU7, STM32WBA52CEU7TR, STM32WBA52CGU6, STM32WBA52CGU6TR, STM32WBA52CGU6U, STM32WBA52CGU7, STM32WBA52CGU7TR, STM32WBA52KEU6, STM32WBA52KEU6TR, STM32WBA52KGU6, STM32WBA52KGU6TR, STM32WBA54CEU6, STM32WBA54CEU6TR, STM32WBA54CEU7, STM32WBA54CEU7TR, STM32WBA54CGU6, STM32WBA54CGU6TR, STM32WBA54CGU7, STM32WBA54CGU7TR, STM32WBA54KEU6, STM32WBA54KEU6TR, STM32WBA54KEU7, STM32WBA54KEU7TR, STM32WBA54KGU6, STM32WBA54KGU6TR, STM32WBA54KGU7, STM32WBA54KGU7TR, STM32WBA55CEU6, STM32WBA55CEU6TR, STM32WBA55CEU7, STM32WBA55CEU7TR, STM32WBA55CGU6, STM32WBA55CGU6TR, STM32WBA55CGU6U, STM32WBA55CGU7, STM32WBA55CGU7TR, STM32WBA55G-DK1, STM32WBA55HEF6, STM32WBA55HEF7, STM32WBA55HGF6, STM32WBA55HGF7, STM32WBA55UEI6, STM32WBA55UEI6TR, STM32WBA55UEI7, STM32WBA55UEI7TR, STM32WBA55UGI6, STM32WBA55UGI6TR, STM32WBA55UGI7, STM32WBA55UGI7TR, STM32WBA5MJGH6TR, STM32WBA62CGU6, STM32WBA62CIU6, STM32WBA62MGF6, STM32WBA62MIF6, STM32WBA62PGI6, STM32WBA62PII6, STM32WBA63CGU6, STM32WBA63CGU7, STM32WBA63CIU6, STM32WBA63CIU7, STM32WBA64CGU6, STM32WBA64CGU7, STM32WBA64CIU6, STM32WBA64CIU7, STM32WBA65CGU6, STM32WBA65CGU7, STM32WBA65CIU6, STM32WBA65CIU7, STM32WBA65I-DK1, STM32WBA65MGF6, STM32WBA65MGF7, STM32WBA65MIF6, STM32WBA65MIF7, STM32WBA65PGI6, STM32WBA65PGI7, STM32WBA65PII6, STM32WBA65PII7, STM32WBA65RGV6, STM32WBA65RGV7, STM32WBA65RIV6, STM32WBA65RIV7, STM32WL30K8V6, STM32WL30KBV6, STM32WL31C8V6, STM32WL31CBV6, STM32WL31K8V6, STM32WL31KBV6, STM32WL33C8V6, STM32WL33C8V6TR, STM32WL33C8V7, STM32WL33C8V7TR, STM32WL33CBV6, STM32WL33CBV6TR, STM32WL33CBV7, STM32WL33CBV7TR, STM32WL33CCV6, STM32WL33CCV6TR, STM32WL33CCV7, STM32WL33CCV7A, STM32WL33CCV7ATR, STM32WL33CCV7TR, STM32WL33K8V6, STM32WL33K8V6TR, STM32WL33K8V7, STM32WL33K8V7TR, STM32WL33KBV6, STM32WL33KBV6TR, STM32WL33KBV7, STM32WL33KBV7TR, STM32WL33KCV6, STM32WL33KCV6TR, STM32WL33KCV7, STM32WL33KCV7TR, STM32WL5MOCH6, STM32WL5MOCH6TR]
2025-05-23 12:09:13,063 [INFO] DbMcus:218 - Found 4686 MCUs, 4686 are supported
2025-05-23 12:09:13,065 [INFO] ApiDb:423 - Load user favorites file C:\Users\amozd/.stm32cubeide/favorites.mcus.txt: 0 item(s)
2025-05-23 12:09:13,065 [INFO] ApiDb:427 - User favorites MCUs=[]
2025-05-23 12:09:13,065 [INFO] DbMcus:224 - Set 0 / 0 favorites MCUs
2025-05-23 12:09:14,104 [INFO] ApiDb:423 - Load user favorites file C:\Users\amozd/.stm32cubeide/favorites.boards.txt: 2 item(s)
2025-05-23 12:09:14,104 [INFO] ApiDb:427 - User favorites Boards=[NUCLEO-F103RB, NUCLEO-F446RE]
2025-05-23 12:09:14,105 [INFO] DbBoards:198 - Set 2 / 2 favorites Boards
2025-05-23 12:09:14,253 [INFO] UtilMem:75 - End LoadConfig() Used Memory: 751970688 Bytes (1073741824)
2025-05-23 12:09:14,536 [WARN] ThirdParty:833 - waiting for thirdparty lock release [change project]
2025-05-23 12:09:14,537 [INFO] ThirdParty:835 - entering critical section [change project]
2025-05-23 12:09:14,537 [INFO] ThirdParty:1030 - CMSIS Pack Vendor :STMicroelectronics USBPD 4.1
2025-05-23 12:09:14,537 [INFO] ThirdParty:1030 - CMSIS Pack Vendor :STMicroelectronics X-CUBE-GNSS1 6.0.0
2025-05-23 12:09:14,537 [INFO] ThirdParty:1030 - CMSIS Pack Vendor :STMicroelectronics USB_HOST 2.0.0
2025-05-23 12:09:14,537 [INFO] ThirdParty:1030 - CMSIS Pack Vendor :STMicroelectronics FP-SNS-MOTENVWB1 1.4.0
2025-05-23 12:09:14,537 [INFO] ThirdParty:1030 - CMSIS Pack Vendor :STMicroelectronics X-CUBE-AZRTOS-F4 1.1.0
2025-05-23 12:09:14,537 [INFO] ThirdParty:1030 - CMSIS Pack Vendor :STMicroelectronics LIBJPEG 8.0.0
2025-05-23 12:09:14,537 [INFO] ThirdParty:1030 - CMSIS Pack Vendor :STMicroelectronics FP-ATR-ASTRA1 2.0.2
2025-05-23 12:09:14,537 [INFO] ThirdParty:1030 - CMSIS Pack Vendor :STMicroelectronics FP-ATR-ASTRA1 2.0.1
2025-05-23 12:09:14,537 [INFO] ThirdParty:1030 - CMSIS Pack Vendor :wolfSSL I-CUBE-wolfSSL 5.6.3
2025-05-23 12:09:14,537 [INFO] ThirdParty:1030 - CMSIS Pack Vendor :Avnet-IotConnect X-CUBE-IoTC-DA16k-PMOD 1.0.0
2025-05-23 12:09:14,538 [INFO] ThirdParty:1030 - CMSIS Pack Vendor :STMicroelectronics X-CUBE-SMBUS 2.1.0
2025-05-23 12:09:14,538 [INFO] ThirdParty:1030 - CMSIS Pack Vendor :STMicroelectronics X-CUBE-WB05N 1.1.0
2025-05-23 12:09:14,538 [INFO] ThirdParty:1030 - CMSIS Pack Vendor :STMicroelectronics X-CUBE-ISPU 2.1.0
2025-05-23 12:09:14,538 [INFO] ThirdParty:1030 - CMSIS Pack Vendor :STMicroelectronics X-CUBE-ST60 1.0.0
2025-05-23 12:09:14,538 [INFO] ThirdParty:1030 - CMSIS Pack Vendor :STMicroelectronics X-CUBE-TOUCHGFX 4.23.0
2025-05-23 12:09:14,538 [INFO] ThirdParty:1030 - CMSIS Pack Vendor :STMicroelectronics X-CUBE-AZRTOS-F7 1.1.0
2025-05-23 12:09:14,538 [INFO] ThirdParty:1030 - CMSIS Pack Vendor :STMicroelectronics X-CUBE-AZRTOS-L5 2.0.0
2025-05-23 12:09:14,538 [INFO] ThirdParty:1030 - CMSIS Pack Vendor :STMicroelectronics USB_DEVICE 2.0.0
2025-05-23 12:09:14,538 [INFO] ThirdParty:1030 - CMSIS Pack Vendor :STMicroelectronics X-CUBE-MEMS1 9.6.0
2025-05-23 12:09:14,538 [INFO] ThirdParty:1030 - CMSIS Pack Vendor :STMicroelectronics X-CUBE-EEPRMA1 4.2.0
2025-05-23 12:09:14,538 [INFO] ThirdParty:1030 - CMSIS Pack Vendor :STMicroelectronics X-CUBE-NFC6 3.1.0
2025-05-23 12:09:14,538 [INFO] ThirdParty:1030 - CMSIS Pack Vendor :ITTIA_DB I-CUBE-ITTIADB 8.8.0
2025-05-23 12:09:14,538 [INFO] ThirdParty:1030 - CMSIS Pack Vendor :STMicroelectronics FP-SNS-MOTENV1 4.3.2
2025-05-23 12:09:14,538 [INFO] ThirdParty:1030 - CMSIS Pack Vendor :STMicroelectronics FreeRTOS 0.0.1
2025-05-23 12:09:14,538 [INFO] ThirdParty:1030 - CMSIS Pack Vendor :STMicroelectronics X-CUBE-BLEMGR 2.0.0
2025-05-23 12:09:14,538 [INFO] ThirdParty:1030 - CMSIS Pack Vendor :STMicroelectronics X-CUBE-DPower 1.2.0
2025-05-23 12:09:14,538 [INFO] ThirdParty:1030 - CMSIS Pack Vendor :STMicroelectronics FP-SNS-FLIGHT1 5.0.2
2025-05-23 12:09:14,538 [INFO] ThirdParty:1030 - CMSIS Pack Vendor :STMicroelectronics X-CUBE-AZRTOS-H7 3.1.0
2025-05-23 12:09:14,538 [INFO] ThirdParty:1030 - CMSIS Pack Vendor :STMicroelectronics PDM2PCM 3.3.0
2025-05-23 12:09:14,538 [INFO] ThirdParty:1030 - CMSIS Pack Vendor :STMicroelectronics X-CUBE-DISPLAY 3.0.0
2025-05-23 12:09:14,538 [INFO] ThirdParty:1030 - CMSIS Pack Vendor :STMicroelectronics X-CUBE-BLE1 7.0.0
2025-05-23 12:09:14,538 [INFO] ThirdParty:1030 - CMSIS Pack Vendor :STMicroelectronics X-CUBE-NFC10 1.0.0
2025-05-23 12:09:14,538 [INFO] ThirdParty:1030 - CMSIS Pack Vendor :STMicroelectronics X-CUBE-BLEMGR 4.0.0
2025-05-23 12:09:14,539 [INFO] ThirdParty:1030 - CMSIS Pack Vendor :STMicroelectronics X-CUBE-FREERTOS 1.3.1
2025-05-23 12:09:14,539 [INFO] ThirdParty:1030 - CMSIS Pack Vendor :STMicroelectronics HAL Drivers 0.0.0
2025-05-23 12:09:14,539 [INFO] ThirdParty:1030 - CMSIS Pack Vendor :emotas I-CUBE-CANOPEN 1.3.0
2025-05-23 12:09:14,539 [INFO] ThirdParty:1030 - CMSIS Pack Vendor :STMicroelectronics X-CUBE-FREERTOS 1.3.0
2025-05-23 12:09:14,539 [INFO] ThirdParty:1030 - CMSIS Pack Vendor :STMicroelectronics X-CUBE-TOUCHGFX 4.22.0
2025-05-23 12:09:14,539 [INFO] ThirdParty:1030 - CMSIS Pack Vendor :STMicroelectronics X-CUBE-NFC7 1.0.1
2025-05-23 12:09:14,539 [INFO] ThirdParty:1030 - CMSIS Pack Vendor :STMicroelectronics MBEDTLS 2.14.1
2025-05-23 12:09:14,539 [INFO] ThirdParty:1030 - CMSIS Pack Vendor :STMicroelectronics X-CUBE-TOUCHGFX 4.22.1
2025-05-23 12:09:14,539 [INFO] ThirdParty:1030 - CMSIS Pack Vendor :STMicroelectronics X-CUBE-NFC6 3.0.0
2025-05-23 12:09:14,539 [INFO] ThirdParty:1030 - CMSIS Pack Vendor :STMicroelectronics X-CUBE-EEPRMA1 4.1.0
2025-05-23 12:09:14,539 [INFO] ThirdParty:1030 - CMSIS Pack Vendor :STMicroelectronics X-CUBE-BLEMGR 3.1.0
2025-05-23 12:09:14,539 [INFO] ThirdParty:1030 - CMSIS Pack Vendor :STMicroelectronics X-CUBE-AI 10.0.0
2025-05-23 12:09:14,539 [INFO] ThirdParty:1030 - CMSIS Pack Vendor :STMicroelectronics FP-SNS-SMARTAG2 1.2.0
2025-05-23 12:09:14,539 [INFO] ThirdParty:1030 - CMSIS Pack Vendor :STMicroelectronics FP-SNS-FLIGHT1 5.1.0
2025-05-23 12:09:14,539 [INFO] ThirdParty:1030 - CMSIS Pack Vendor :STMicroelectronics X-CUBE-MEMS1 11.1.0
2025-05-23 12:09:14,539 [INFO] ThirdParty:1030 - CMSIS Pack Vendor :STMicroelectronics X-CUBE-AZRTOS-WL 2.0.0
2025-05-23 12:09:14,539 [INFO] ThirdParty:1030 - CMSIS Pack Vendor :STMicroelectronics X-CUBE-DPower 1.3.0
2025-05-23 12:09:14,539 [INFO] ThirdParty:1030 - CMSIS Pack Vendor :STMicroelectronics FP-SNS-MOTENV1 5.0.0
2025-05-23 12:09:14,539 [INFO] ThirdParty:1030 - CMSIS Pack Vendor :STMicroelectronics USB_DEVICE 1.0.0
2025-05-23 12:09:14,539 [INFO] ThirdParty:1030 - CMSIS Pack Vendor :STMicroelectronics X-CUBE-AI 8.1.0
2025-05-23 12:09:14,539 [INFO] ThirdParty:1030 - CMSIS Pack Vendor :wolfSSL I-CUBE-wolfMQTT 1.19.0
2025-05-23 12:09:14,539 [INFO] ThirdParty:1030 - CMSIS Pack Vendor :STMicroelectronics X-CUBE-AZRTOS-L4 2.0.0
2025-05-23 12:09:14,539 [INFO] ThirdParty:1030 - CMSIS Pack Vendor :STMicroelectronics ThreadX 0.0.2
2025-05-23 12:09:14,539 [INFO] ThirdParty:1030 - CMSIS Pack Vendor :WES I-CUBE-Cesium 1.3.0
2025-05-23 12:09:14,539 [INFO] ThirdParty:1030 - CMSIS Pack Vendor :STMicroelectronics lwIP 2.1.2
2025-05-23 12:09:14,539 [INFO] ThirdParty:1030 - CMSIS Pack Vendor :STMicroelectronics X-CUBE-SFXS2LP1 4.0.0
2025-05-23 12:09:14,540 [INFO] ThirdParty:1030 - CMSIS Pack Vendor :STMicroelectronics X-CUBE-BLE2 3.3.0
2025-05-23 12:09:14,540 [INFO] ThirdParty:1030 - CMSIS Pack Vendor :STMicroelectronics PDM2PCM 3.2.0
2025-05-23 12:09:14,540 [INFO] ThirdParty:1030 - CMSIS Pack Vendor :STMicroelectronics X-CUBE-ISPU 1.1.0
2025-05-23 12:09:14,540 [INFO] ThirdParty:1030 - CMSIS Pack Vendor :STMicroelectronics X-CUBE-AZRTOS-H7 3.3.0
2025-05-23 12:09:14,540 [INFO] ThirdParty:1030 - CMSIS Pack Vendor :STMicroelectronics X-CUBE-NFC9 1.0.0
2025-05-23 12:09:14,541 [INFO] ThirdParty:1030 - CMSIS Pack Vendor :STMicroelectronics X-CUBE-BLE1 7.1.0
2025-05-23 12:09:14,541 [INFO] ThirdParty:1030 - CMSIS Pack Vendor :STMicroelectronics USB_DEVICE 3.0.0
2025-05-23 12:09:14,541 [INFO] ThirdParty:1030 - CMSIS Pack Vendor :STMicroelectronics X-CUBE-AZRTOS-WB 2.0.0
2025-05-23 12:09:14,542 [INFO] ThirdParty:1030 - CMSIS Pack Vendor :STMicroelectronics X-CUBE-GNSS1 7.0.1
2025-05-23 12:09:14,542 [INFO] ThirdParty:1030 - CMSIS Pack Vendor :STMicroelectronics X-CUBE-TOUCHGFX 4.25.0
2025-05-23 12:09:14,542 [INFO] ThirdParty:1030 - CMSIS Pack Vendor :STMicroelectronics FP-SNS-STBOX1 2.0.0
2025-05-23 12:09:14,542 [INFO] ThirdParty:1030 - CMSIS Pack Vendor :STMicroelectronics X-CUBE-ALGOBUILD 1.3.0
2025-05-23 12:09:14,543 [INFO] ThirdParty:1030 - CMSIS Pack Vendor :STMicroelectronics X-CUBE-MEMS1 11.2.0
2025-05-23 12:09:14,543 [INFO] ThirdParty:1030 - CMSIS Pack Vendor :STMicroelectronics X-CUBE-AZRTOS-G0 1.1.0
2025-05-23 12:09:14,543 [INFO] ThirdParty:1030 - CMSIS Pack Vendor :STMicroelectronics X-CUBE-SAFEA1 1.2.2
2025-05-23 12:09:14,543 [INFO] ThirdParty:1030 - CMSIS Pack Vendor :STMicroelectronics X-CUBE-NFC4 3.0.0
2025-05-23 12:09:14,543 [INFO] ThirdParty:1030 - CMSIS Pack Vendor :STMicroelectronics X-CUBE-SUBG2 5.0.0
2025-05-23 12:09:14,543 [INFO] ThirdParty:1030 - CMSIS Pack Vendor :STMicroelectronics X-CUBE-AZRTOS-H7RS 1.1.0
2025-05-23 12:09:14,543 [INFO] ThirdParty:1030 - CMSIS Pack Vendor :STMicroelectronics STM32_WPAN 1.0.0
2025-05-23 12:09:14,543 [INFO] ThirdParty:1030 - CMSIS Pack Vendor :EmbeddedOffice I-CUBE-FS-RTOS 1.0.1
2025-05-23 12:09:14,543 [INFO] ThirdParty:1030 - CMSIS Pack Vendor :STMicroelectronics lwIP 2.0.3
2025-05-23 12:09:14,543 [INFO] ThirdParty:1030 - CMSIS Pack Vendor :Cesanta I-CUBE-Mongoose 7.13.0
2025-05-23 12:09:14,543 [INFO] ThirdParty:1030 - CMSIS Pack Vendor :STMicroelectronics USB_HOST 1.0.0
2025-05-23 12:09:14,543 [INFO] ThirdParty:1030 - CMSIS Pack Vendor :STMicroelectronics X-CUBE-TOF1 3.3.1
2025-05-23 12:09:14,544 [INFO] ThirdParty:1030 - CMSIS Pack Vendor :STMicroelectronics X-CUBE-AZRTOS-G4 2.0.0
2025-05-23 12:09:14,544 [INFO] ThirdParty:1030 - CMSIS Pack Vendor :STMicroelectronics X-CUBE-WB05N 2.0.0
2025-05-23 12:09:14,544 [INFO] ThirdParty:1030 - CMSIS Pack Vendor :STMicroelectronics PDM2PCM 3.1.0
2025-05-23 12:09:14,544 [INFO] ThirdParty:1030 - CMSIS Pack Vendor :Infineon AIROC-Wi-Fi-Bluetooth-STM32 1.5.1
2025-05-23 12:09:14,544 [INFO] ThirdParty:1030 - CMSIS Pack Vendor :STMicroelectronics X-CUBE-BLEMGR 3.0.0
2025-05-23 12:09:14,544 [INFO] ThirdParty:1030 - CMSIS Pack Vendor :STMicroelectronics FP-SNS-MOTENVWB1 1.3.0
2025-05-23 12:09:14,544 [INFO] ThirdParty:1030 - CMSIS Pack Vendor :STMicroelectronics X-CUBE-NFC7 2.0.0
2025-05-23 12:09:14,544 [INFO] ThirdParty:1030 - CMSIS Pack Vendor :STMicroelectronics X-CUBE-TCPP 4.2.0
2025-05-23 12:09:14,544 [INFO] ThirdParty:1030 - CMSIS Pack Vendor :RealThread X-CUBE-RT-Thread_Nano 4.1.1
2025-05-23 12:09:14,544 [INFO] ThirdParty:1030 - CMSIS Pack Vendor :STMicroelectronics FP-SNS-MOTENVWB1 1.3.1
2025-05-23 12:09:14,544 [INFO] ThirdParty:1030 - CMSIS Pack Vendor :STMicroelectronics FP-ATR-SIGFOX1 3.2.0
2025-05-23 12:09:14,544 [INFO] ThirdParty:1030 - CMSIS Pack Vendor :quantropi X-CUBE-qispace-sdk-base 1.9.3
2025-05-23 12:09:14,545 [INFO] ThirdParty:1030 - CMSIS Pack Vendor :STMicroelectronics X-CUBE-ISPU 2.0.0
2025-05-23 12:09:14,545 [INFO] ThirdParty:1030 - CMSIS Pack Vendor :STMicroelectronics X-CUBE-EEPRMA1 5.1.0
2025-05-23 12:09:14,545 [INFO] ThirdParty:1030 - CMSIS Pack Vendor :STMicroelectronics MBEDTLS 2.16.2
2025-05-23 12:09:14,545 [INFO] ThirdParty:1030 - CMSIS Pack Vendor :STMicroelectronics X-CUBE-IPS 3.1.0
2025-05-23 12:09:14,545 [INFO] ThirdParty:1030 - CMSIS Pack Vendor :STMicroelectronics X-CUBE-ALS 1.0.2
2025-05-23 12:09:14,545 [INFO] ThirdParty:1030 - CMSIS Pack Vendor :STMicroelectronics X-CUBE-MEMS1 10.0.0
2025-05-23 12:09:14,545 [INFO] ThirdParty:1030 - CMSIS Pack Vendor :STMicroelectronics X-CUBE-FREERTOS 1.1.0
2025-05-23 12:09:14,545 [INFO] ThirdParty:1030 - CMSIS Pack Vendor :STMicroelectronics X-CUBE-TOUCHGFX 4.24.2
2025-05-23 12:09:14,545 [INFO] ThirdParty:1030 - CMSIS Pack Vendor :wolfSSL I-CUBE-wolfTPM 3.4.0
2025-05-23 12:09:14,545 [INFO] ThirdParty:1030 - CMSIS Pack Vendor :portGmbH I-Cube-SoM-uGOAL 1.1.0
2025-05-23 12:09:14,545 [INFO] ThirdParty:1030 - CMSIS Pack Vendor :STMicroelectronics X-CUBE-ALS 1.0.1
2025-05-23 12:09:14,545 [INFO] ThirdParty:1030 - CMSIS Pack Vendor :STMicroelectronics ThreadX 1.0.0
2025-05-23 12:09:14,545 [INFO] ThirdParty:1030 - CMSIS Pack Vendor :SEGGER I-CUBE-embOS 1.3.1
2025-05-23 12:09:14,545 [INFO] ThirdParty:1030 - CMSIS Pack Vendor :STMicroelectronics X-CUBE-ALGOBUILD 1.4.0
2025-05-23 12:09:14,545 [INFO] ThirdParty:1030 - CMSIS Pack Vendor :STMicroelectronics X-CUBE-AZRTOS-H7RS 1.0.0
2025-05-23 12:09:14,546 [INFO] ThirdParty:1030 - CMSIS Pack Vendor :STMicroelectronics FP-ATR-ASTRA1 2.0.0
2025-05-23 12:09:14,546 [INFO] ThirdParty:1030 - CMSIS Pack Vendor :STMicroelectronics X-CUBE-TOF1 3.4.2
2025-05-23 12:09:14,546 [INFO] ThirdParty:1030 - CMSIS Pack Vendor :STMicroelectronics X-CUBE-TOF1 3.4.3
2025-05-23 12:09:14,546 [INFO] ThirdParty:1030 - CMSIS Pack Vendor :STMicroelectronics X-CUBE-TOF1 3.4.0
2025-05-23 12:09:14,546 [INFO] ThirdParty:1030 - CMSIS Pack Vendor :STMicroelectronics X-CUBE-AZRTOS-H7 3.2.0
2025-05-23 12:09:14,546 [INFO] ThirdParty:1030 - CMSIS Pack Vendor :wolfSSL I-CUBE-wolfSSH 1.4.17
2025-05-23 12:09:14,546 [INFO] ThirdParty:841 - exiting critical section [change project]
2025-05-23 12:09:16,076 [INFO] PinOutPanel:1589 - setPackage(No Configuration,No Configuration)
2025-05-23 12:09:16,079 [INFO] PinOutPanel:1589 - setPackage(STM32F446RCTx,LQFP64)
2025-05-23 12:09:17,337 [INFO] UtilMem:75 - Before build in PCC Used Memory: 639544320 Bytes (1073741824)
2025-05-23 12:09:18,757 [INFO] UtilMem:75 - After build in PCC Used Memory: 723025048 Bytes (1073741824)
2025-05-23 12:09:18,834 [INFO] IPUIPlugin:80 - create IPUIPlugin
2025-05-23 12:09:18,834 [INFO] IPUIPlugin:80 - create IPUIPlugin
2025-05-23 12:09:18,834 [INFO] IPUIPlugin:80 - create IPUIPlugin
2025-05-23 12:09:18,834 [INFO] IPUIPlugin:80 - create IPUIPlugin
2025-05-23 12:09:18,835 [INFO] IPUIPlugin:80 - create IPUIPlugin
2025-05-23 12:09:18,835 [INFO] IPUIPlugin:80 - create IPUIPlugin
2025-05-23 12:09:18,836 [INFO] IPUIPlugin:80 - create IPUIPlugin
2025-05-23 12:09:18,836 [INFO] IPUIPlugin:80 - create IPUIPlugin
2025-05-23 12:09:18,836 [INFO] IPUIPlugin:80 - create IPUIPlugin
2025-05-23 12:09:18,836 [INFO] IPUIPlugin:80 - create IPUIPlugin
2025-05-23 12:09:18,837 [INFO] IPUIPlugin:80 - create IPUIPlugin
2025-05-23 12:09:18,837 [INFO] IPUIPlugin:80 - create IPUIPlugin
2025-05-23 12:09:18,837 [INFO] IPUIPlugin:80 - create IPUIPlugin
2025-05-23 12:09:18,837 [INFO] IPUIPlugin:80 - create IPUIPlugin
2025-05-23 12:09:18,838 [INFO] IPUIPlugin:80 - create IPUIPlugin
2025-05-23 12:09:18,838 [INFO] IPUIPlugin:80 - create IPUIPlugin
2025-05-23 12:09:18,838 [INFO] IPUIPlugin:80 - create IPUIPlugin
2025-05-23 12:09:18,838 [INFO] IPUIPlugin:80 - create IPUIPlugin
2025-05-23 12:09:18,838 [INFO] IPUIPlugin:80 - create IPUIPlugin
2025-05-23 12:09:18,839 [INFO] IPUIPlugin:80 - create IPUIPlugin
2025-05-23 12:09:18,840 [INFO] IPUIPlugin:80 - create IPUIPlugin
2025-05-23 12:09:18,841 [INFO] IPUIPlugin:80 - create IPUIPlugin
2025-05-23 12:09:18,841 [INFO] IPUIPlugin:80 - create IPUIPlugin
2025-05-23 12:09:18,842 [INFO] IPUIPlugin:80 - create IPUIPlugin
2025-05-23 12:09:18,842 [INFO] IPUIPlugin:80 - create IPUIPlugin
2025-05-23 12:09:18,843 [INFO] IPUIPlugin:80 - create IPUIPlugin
2025-05-23 12:09:18,843 [INFO] IPUIPlugin:80 - create IPUIPlugin
2025-05-23 12:09:18,844 [INFO] IPUIPlugin:80 - create IPUIPlugin
2025-05-23 12:09:18,844 [INFO] IPUIPlugin:80 - create IPUIPlugin
2025-05-23 12:09:18,844 [INFO] IPUIPlugin:80 - create IPUIPlugin
2025-05-23 12:09:18,845 [INFO] IPUIPlugin:80 - create IPUIPlugin
2025-05-23 12:09:18,845 [INFO] IPUIPlugin:80 - create IPUIPlugin
2025-05-23 12:09:18,845 [INFO] IPUIPlugin:80 - create IPUIPlugin
2025-05-23 12:09:18,846 [INFO] IPUIPlugin:80 - create IPUIPlugin
2025-05-23 12:09:18,846 [INFO] IPUIPlugin:80 - create IPUIPlugin
2025-05-23 12:09:18,847 [INFO] IPUIPlugin:80 - create IPUIPlugin
2025-05-23 12:09:18,847 [INFO] IPUIPlugin:80 - create IPUIPlugin
2025-05-23 12:09:18,848 [INFO] IPUIPlugin:80 - create IPUIPlugin
2025-05-23 12:09:18,848 [INFO] IPUIPlugin:80 - create IPUIPlugin
2025-05-23 12:09:18,848 [INFO] IPUIPlugin:80 - create IPUIPlugin
2025-05-23 12:09:18,849 [INFO] IPUIPlugin:80 - create IPUIPlugin
2025-05-23 12:09:18,849 [INFO] IPUIPlugin:80 - create IPUIPlugin
2025-05-23 12:09:18,850 [INFO] IPUIPlugin:80 - create IPUIPlugin
2025-05-23 12:09:18,850 [INFO] IPUIPlugin:80 - create IPUIPlugin
2025-05-23 12:09:18,851 [INFO] IPUIPlugin:80 - create IPUIPlugin
2025-05-23 12:09:18,851 [INFO] IPUIPlugin:80 - create IPUIPlugin
2025-05-23 12:09:18,852 [INFO] IPUIPlugin:80 - create IPUIPlugin
2025-05-23 12:09:18,852 [INFO] IPUIPlugin:80 - create IPUIPlugin
2025-05-23 12:09:18,852 [INFO] IPUIPlugin:80 - create IPUIPlugin
2025-05-23 12:09:18,854 [INFO] IPUIPlugin:80 - create IPUIPlugin
2025-05-23 12:09:18,855 [INFO] IPUIPlugin:80 - create IPUIPlugin
2025-05-23 12:09:18,855 [INFO] IPUIPlugin:80 - create IPUIPlugin
2025-05-23 12:09:18,856 [INFO] IPUIPlugin:80 - create IPUIPlugin
2025-05-23 12:09:18,857 [INFO] IPUIPlugin:80 - create IPUIPlugin
2025-05-23 12:09:18,858 [INFO] IPUIPlugin:80 - create IPUIPlugin
2025-05-23 12:09:18,860 [INFO] IPUIPlugin:80 - create IPUIPlugin
2025-05-23 12:09:18,860 [INFO] IPUIPlugin:80 - create IPUIPlugin
2025-05-23 12:09:18,861 [INFO] IPUIPlugin:80 - create IPUIPlugin
2025-05-23 12:09:18,862 [INFO] IPUIPlugin:80 - create IPUIPlugin
2025-05-23 12:09:18,862 [INFO] IPUIPlugin:80 - create IPUIPlugin
2025-05-23 12:09:19,006 [INFO] ApiDbMcu:508 - Load IP Config File for PDM2PCM
2025-05-23 12:09:19,026 [INFO] Can:71 - Can Add PropertyChangeListener com.st.microxplorer.plugins.ip.can.Can@137497a2
2025-05-23 12:09:19,027 [INFO] Can:71 - Can Add PropertyChangeListener com.st.microxplorer.plugins.ip.can.Can@5e2cbeaa
2025-05-23 12:09:19,031 [WARN] IP:2250 - I2C_Coeff_DF not found: check if there is a RefParameter without a condition.
2025-05-23 12:09:19,031 [WARN] IP:2250 - Analog_Filter not found: check if there is a RefParameter without a condition.
2025-05-23 12:09:19,033 [WARN] IP:2250 - I2C_Coeff_DF not found: check if there is a RefParameter without a condition.
2025-05-23 12:09:19,033 [WARN] IP:2250 - Analog_Filter not found: check if there is a RefParameter without a condition.
2025-05-23 12:09:19,035 [WARN] IP:2250 - I2C_Coeff_DF not found: check if there is a RefParameter without a condition.
2025-05-23 12:09:19,035 [WARN] IP:2250 - Analog_Filter not found: check if there is a RefParameter without a condition.
2025-05-23 12:09:19,060 [INFO] I2sManager:658 - 9.6E7
2025-05-23 12:09:19,061 [INFO] I2sManager:195 - I2S Clock Value : 9.6E7
2025-05-23 12:09:19,065 [INFO] I2sManager:553 - AudioClock : 8000Divider : 187Odd : 1
2025-05-23 12:09:19,569 [INFO] CADModel:165 - CPN selected for project levelSTM32F446RCT7
2025-05-23 12:09:19,569 [INFO] CADModel:114 - Register for checkConnection events
2025-05-23 12:09:19,649 [INFO] OpenFileManager:385 - Restore cursor
2025-05-23 12:09:20,053 [WARN] IP:2250 - I2C_Coeff_DF not found: check if there is a RefParameter without a condition.
2025-05-23 12:09:20,053 [WARN] IP:2250 - Analog_Filter not found: check if there is a RefParameter without a condition.
2025-05-23 12:09:20,054 [WARN] IP:2250 - I2C_Coeff_DF not found: check if there is a RefParameter without a condition.
2025-05-23 12:09:20,054 [WARN] IP:2250 - Analog_Filter not found: check if there is a RefParameter without a condition.
2025-05-23 12:09:20,065 [WARN] IP:2250 - I2C_Coeff_DF not found: check if there is a RefParameter without a condition.
2025-05-23 12:09:20,065 [WARN] IP:2250 - Analog_Filter not found: check if there is a RefParameter without a condition.
2025-05-23 12:09:20,066 [WARN] IP:2250 - I2C_Coeff_DF not found: check if there is a RefParameter without a condition.
2025-05-23 12:09:20,066 [WARN] IP:2250 - Analog_Filter not found: check if there is a RefParameter without a condition.
2025-05-23 12:09:20,077 [WARN] IP:2250 - I2C_Coeff_DF not found: check if there is a RefParameter without a condition.
2025-05-23 12:09:20,078 [WARN] IP:2250 - Analog_Filter not found: check if there is a RefParameter without a condition.
2025-05-23 12:09:20,078 [WARN] IP:2250 - I2C_Coeff_DF not found: check if there is a RefParameter without a condition.
2025-05-23 12:09:20,079 [WARN] IP:2250 - Analog_Filter not found: check if there is a RefParameter without a condition.
2025-05-23 12:10:31,823 [INFO] NvicIntPanel:101 - NVIC parent = com.st.microxplorer.plugins.ip.nvic.MultiNvicIntPanel[,0,0,0x0,invalid,layout=javax.swing.BoxLayout,alignmentX=0.0,alignmentY=0.0,border=,flags=9,maximumSize=,minimumSize=,preferredSize=]
2025-05-23 12:10:43,853 [INFO] UtilMem:75 - End SaveConfig() Used Memory: 517998592 Bytes (1073741824)
2025-05-23 12:10:44,123 [INFO] UtilMem:75 - End SaveConfig() Used Memory: 535824384 Bytes (1073741824)
2025-05-23 12:10:46,107 [INFO] UtilMem:75 - End SaveConfig() Used Memory: 617086976 Bytes (1073741824)
2025-05-23 12:10:47,235 [INFO] BlockDiagram:2775 - set Specific Code input for plugin: SPI
2025-05-23 12:10:47,235 [INFO] BlockDiagram:2775 - set Specific Code input for plugin: CAN
2025-05-23 12:10:47,235 [INFO] BlockDiagram:2775 - set Specific Code input for plugin: CAN
2025-05-23 12:10:47,235 [INFO] BlockDiagram:2775 - set Specific Code input for plugin: TIM1_8
2025-05-23 12:10:47,235 [INFO] BlockDiagram:2775 - set Specific Code input for plugin: I2S
2025-05-23 12:10:47,235 [INFO] BlockDiagram:2775 - set Specific Code input for plugin: SYS
2025-05-23 12:10:47,236 [INFO] BlockDiagram:2775 - set Specific Code input for plugin: RCC
2025-05-23 12:10:47,236 [INFO] BlockDiagram:2775 - set Specific Code input for plugin: I2C
2025-05-23 12:10:47,236 [INFO] BlockDiagram:2775 - set Specific Code input for plugin: I2C
2025-05-23 12:10:47,236 [INFO] BlockDiagram:2775 - set Specific Code input for plugin: I2C
2025-05-23 12:10:47,236 [INFO] BlockDiagram:2775 - set Specific Code input for plugin: NVIC
2025-05-23 12:10:47,236 [INFO] BlockDiagram:2775 - set Specific Code input for plugin: USART
2025-05-23 12:10:47,236 [INFO] BlockDiagram:2775 - set Specific Code input for plugin: TIM1_8
2025-05-23 12:10:47,237 [INFO] BlockDiagram:2775 - set Specific Code input for plugin: GPIO
2025-05-23 12:10:47,239 [INFO] CodeGenerator:882 - code generatio: config db path: C:\ST\STM32CubeIDE_1.13.1\STM32CubeIDE\plugins\com.st.stm32cube.common.mx_6.14.1.202504091515\\db\
2025-05-23 12:10:47,253 [WARN] IP:2250 - I2C_Coeff_DF not found: check if there is a RefParameter without a condition.
2025-05-23 12:10:47,253 [WARN] IP:2250 - Analog_Filter not found: check if there is a RefParameter without a condition.
2025-05-23 12:10:47,256 [WARN] IP:2250 - I2C_Coeff_DF not found: check if there is a RefParameter without a condition.
2025-05-23 12:10:47,256 [WARN] IP:2250 - Analog_Filter not found: check if there is a RefParameter without a condition.
2025-05-23 12:10:47,260 [WARN] IP:2250 - I2C_Coeff_DF not found: check if there is a RefParameter without a condition.
2025-05-23 12:10:47,260 [WARN] IP:2250 - Analog_Filter not found: check if there is a RefParameter without a condition.
2025-05-23 12:10:47,799 [INFO] CodeEngine:263 - oldGeneratedFile, C:\Users\amozd\Documents\GitHub\paddoproject\stm_f446rct7\MXTmpFiles\license.tmp_save
2025-05-23 12:10:48,427 [INFO] CodeEngine:287 - Generated code: C:\Users\amozd\Documents\GitHub\paddoproject\stm_f446rct7\MXTmpFiles\license.tmp
2025-05-23 12:10:48,672 [INFO] CodeEngine:263 - oldGeneratedFile, C:\Users\amozd\Documents\GitHub\paddoproject\stm_f446rct7\MXTmpFiles\gpio.tmp_save
2025-05-23 12:10:49,018 [INFO] CodeEngine:287 - Generated code: C:\Users\amozd\Documents\GitHub\paddoproject\stm_f446rct7\MXTmpFiles\gpio.tmp
2025-05-23 12:10:50,326 [INFO] CodeEngine:263 - oldGeneratedFile, C:\Users\amozd\Documents\GitHub\paddoproject\stm_f446rct7\Core\Src\stm32f4xx_it.c_save
2025-05-23 12:10:50,666 [INFO] CodeEngine:287 - Generated code: C:\Users\amozd\Documents\GitHub\paddoproject\stm_f446rct7\Core\Src\stm32f4xx_it.c
2025-05-23 12:10:50,735 [INFO] CodeEngine:263 - oldGeneratedFile, C:\Users\amozd\Documents\GitHub\paddoproject\stm_f446rct7\Core\Inc\stm32f4xx_it.h_save
2025-05-23 12:10:50,924 [INFO] CodeEngine:287 - Generated code: C:\Users\amozd\Documents\GitHub\paddoproject\stm_f446rct7\Core\Inc\stm32f4xx_it.h
2025-05-23 12:10:51,039 [INFO] CodeEngine:263 - oldGeneratedFile, C:\Users\amozd\Documents\GitHub\paddoproject\stm_f446rct7\Core\Src\stm32f4xx_hal_msp.c_save
2025-05-23 12:10:51,402 [INFO] CodeEngine:287 - Generated code: C:\Users\amozd\Documents\GitHub\paddoproject\stm_f446rct7\Core\Src\stm32f4xx_hal_msp.c
2025-05-23 12:10:51,430 [INFO] CodeEngine:263 - oldGeneratedFile, C:\Users\amozd\Documents\GitHub\paddoproject\stm_f446rct7\MXTmpFiles\system.tmp_save
2025-05-23 12:10:51,575 [INFO] CodeEngine:287 - Generated code: C:\Users\amozd\Documents\GitHub\paddoproject\stm_f446rct7\MXTmpFiles\system.tmp
2025-05-23 12:10:51,652 [INFO] CodeEngine:319 - oldGeneratedFile, C:\Users\amozd\Documents\GitHub\paddoproject\stm_f446rct7\Core\Inc\stm32f4xx_hal_conf.h_save
2025-05-23 12:10:51,832 [INFO] CodeEngine:343 - Generated code: C:\Users\amozd\Documents\GitHub\paddoproject\stm_f446rct7\Core\Inc\stm32f4xx_hal_conf.h
2025-05-23 12:10:51,903 [WARN] IPConfigManager:3217 - Warning: the RefConfig PLL2P_FOR_MCO is not available in your config.xml file
2025-05-23 12:10:51,914 [INFO] ApiDbMcu:508 - Load IP Config File for CAN1
2025-05-23 12:10:51,918 [INFO] ApiDbMcu:508 - Load IP Config File for CAN2
2025-05-23 12:10:51,923 [INFO] ApiDbMcu:508 - Load IP Config File for I2C1
2025-05-23 12:10:51,930 [INFO] ApiDbMcu:508 - Load IP Config File for I2C2
2025-05-23 12:10:51,934 [INFO] ApiDbMcu:508 - Load IP Config File for I2C3
2025-05-23 12:10:51,939 [INFO] ApiDbMcu:508 - Load IP Config File for I2S2
2025-05-23 12:10:51,945 [INFO] ApiDbMcu:508 - Load IP Config File for SPI3
2025-05-23 12:10:51,967 [INFO] ApiDbMcu:508 - Load IP Config File for TIM1
2025-05-23 12:10:51,987 [INFO] ApiDbMcu:508 - Load IP Config File for TIM8
2025-05-23 12:10:51,993 [INFO] ApiDbMcu:508 - Load IP Config File for USART2
2025-05-23 12:10:51,998 [INFO] ApiDbMcu:508 - Load IP Config File for RCC
2025-05-23 12:10:52,003 [WARN] IPConfigManager:3790 - IP not found : TIM
2025-05-23 12:10:52,027 [WARN] CodeGenerator:4198 - IP not found : null
2025-05-23 12:10:52,075 [INFO] CodeEngine:263 - oldGeneratedFile, C:\Users\amozd\Documents\GitHub\paddoproject\stm_f446rct7\Core\Inc\main.h_save
2025-05-23 12:10:52,299 [INFO] CodeEngine:287 - Generated code: C:\Users\amozd\Documents\GitHub\paddoproject\stm_f446rct7\Core\Inc\main.h
2025-05-23 12:10:52,349 [INFO] CodeEngine:263 - oldGeneratedFile, C:\Users\amozd\Documents\GitHub\paddoproject\stm_f446rct7\Core\Src\main.c_save
2025-05-23 12:10:52,928 [INFO] CodeEngine:287 - Generated code: C:\Users\amozd\Documents\GitHub\paddoproject\stm_f446rct7\Core\Src\main.c
2025-05-23 12:10:53,851 [INFO] ProjectBuilder:3324 - Time for Copy HAL[1] : 454mS.
2025-05-23 12:10:53,863 [INFO] ProjectBuilder:4912 - Project Generator version: 4.6.0.1-B1
2025-05-23 12:10:54,019 [INFO] ConfigFileManager:1590 - The Die is : DIE421
2025-05-23 12:10:54,070 [INFO] ApiDbMcu:508 - Load IP Config File for FATFS
2025-05-23 12:10:54,099 [INFO] ApiDbMcu:508 - Load IP Config File for FREERTOS
2025-05-23 12:10:54,120 [INFO] ApiDbMcu:508 - Load IP Config File for LIBJPEG
2025-05-23 12:10:54,150 [INFO] ApiDbMcu:508 - Load IP Config File for MBEDTLS
2025-05-23 12:10:54,180 [INFO] ApiDbMcu:508 - Load IP Config File for USB_DEVICE
2025-05-23 12:10:54,205 [INFO] ApiDbMcu:508 - Load IP Config File for USB_HOST
2025-05-23 12:10:55,598 [INFO] LogOutputStream:77 - [STDOUT_REDIRECT] 
2025-05-23 12:11:02,135 [INFO] ProjectBuilder:5191 - Time for Generating toolchain IDE Files: 8272mS.
2025-05-23 12:11:02,142 [INFO] ProjectBuilder:3181 - Time for Copy CMSIS : 1mS.
2025-05-23 12:11:02,149 [INFO] ProjectBuilder:3181 - Time for Copy CMSIS : 0mS.
2025-05-23 15:36:11,905 [INFO] WebApp:194 - Connection lost
2025-05-23 15:36:12,178 [INFO] WebApp:191 - Connection restablished
2025-05-23 15:36:14,090 [INFO] WebApp:194 - Connection lost
2025-05-23 15:36:14,256 [INFO] WebApp:191 - Connection restablished
2025-05-23 18:06:38,989 [WARN] IP:2250 - I2C_Coeff_DF not found: check if there is a RefParameter without a condition.
2025-05-23 18:06:38,993 [WARN] IP:2250 - Analog_Filter not found: check if there is a RefParameter without a condition.
2025-05-23 18:06:38,994 [WARN] IP:2250 - I2C_Coeff_DF not found: check if there is a RefParameter without a condition.
2025-05-23 18:06:38,994 [WARN] IP:2250 - Analog_Filter not found: check if there is a RefParameter without a condition.
2025-05-23 18:06:38,998 [WARN] IP:2250 - I2C_Coeff_DF not found: check if there is a RefParameter without a condition.
2025-05-23 18:06:38,998 [WARN] IP:2250 - Analog_Filter not found: check if there is a RefParameter without a condition.
2025-05-23 18:06:38,999 [WARN] IP:2250 - I2C_Coeff_DF not found: check if there is a RefParameter without a condition.
2025-05-23 18:06:38,999 [WARN] IP:2250 - Analog_Filter not found: check if there is a RefParameter without a condition.
2025-05-23 18:06:39,004 [WARN] IP:2250 - I2C_Coeff_DF not found: check if there is a RefParameter without a condition.
2025-05-23 18:06:39,004 [WARN] IP:2250 - Analog_Filter not found: check if there is a RefParameter without a condition.
2025-05-23 18:06:39,005 [WARN] IP:2250 - I2C_Coeff_DF not found: check if there is a RefParameter without a condition.
2025-05-23 18:06:39,005 [WARN] IP:2250 - Analog_Filter not found: check if there is a RefParameter without a condition.
2025-05-23 18:06:39,137 [WARN] IP:2250 - I2C_Coeff_DF not found: check if there is a RefParameter without a condition.
2025-05-23 18:06:39,137 [WARN] IP:2250 - Analog_Filter not found: check if there is a RefParameter without a condition.
2025-05-23 18:06:39,142 [WARN] IP:2250 - I2C_Coeff_DF not found: check if there is a RefParameter without a condition.
2025-05-23 18:06:39,143 [WARN] IP:2250 - Analog_Filter not found: check if there is a RefParameter without a condition.
2025-05-23 18:06:39,147 [WARN] IP:2250 - I2C_Coeff_DF not found: check if there is a RefParameter without a condition.
2025-05-23 18:06:39,147 [WARN] IP:2250 - Analog_Filter not found: check if there is a RefParameter without a condition.
2025-05-23 18:06:39,255 [WARN] IP:2250 - I2C_Coeff_DF not found: check if there is a RefParameter without a condition.
2025-05-23 18:06:39,255 [WARN] IP:2250 - Analog_Filter not found: check if there is a RefParameter without a condition.
2025-05-23 18:06:39,261 [WARN] IP:2250 - I2C_Coeff_DF not found: check if there is a RefParameter without a condition.
2025-05-23 18:06:39,261 [WARN] IP:2250 - Analog_Filter not found: check if there is a RefParameter without a condition.
2025-05-23 18:06:39,264 [WARN] IP:2250 - I2C_Coeff_DF not found: check if there is a RefParameter without a condition.
2025-05-23 18:06:39,264 [WARN] IP:2250 - Analog_Filter not found: check if there is a RefParameter without a condition.
2025-05-23 18:06:55,116 [INFO] Gpio:277 - dependency for GPIO [CAN1, CAN2, I2C1, I2C2, I2C3, I2S2, RCC, SPI3, SYS, TIM1, TIM8, USART2]
2025-05-23 18:07:51,621 [ERROR] LogOutputStream:75 - [STDERR_REDIRECT] java.lang.Error: no ComponentUI class for: com.st.microxplorer.plugins.ip.nvic.CheckBoxHeader[,0,0,0x0,invalid,alignmentX=0.0,alignmentY=0.0,border=,flags=0,maximumSize=,minimumSize=,preferredSize=,defaultIcon=,disabledIcon=,disabledSelectedIcon=,margin=null,paintBorder=true,paintFocus=true,pressedIcon=,rolloverEnabled=false,rolloverIcon=,rolloverSelectedIcon=,selectedIcon=,text=]
2025-05-23 18:07:51,623 [ERROR] LogOutputStream:75 - [STDERR_REDIRECT] 	at java.desktop/javax.swing.UIDefaults.getUIError(UIDefaults.java:763)
2025-05-23 18:07:51,625 [ERROR] LogOutputStream:75 - [STDERR_REDIRECT] 	at java.desktop/javax.swing.MultiUIDefaults.getUIError(MultiUIDefaults.java:144)
2025-05-23 18:07:51,628 [ERROR] LogOutputStream:75 - [STDERR_REDIRECT] 	at java.desktop/javax.swing.UIDefaults.getUI(UIDefaults.java:793)
2025-05-23 18:07:51,632 [ERROR] LogOutputStream:75 - [STDERR_REDIRECT] 	at java.desktop/javax.swing.UIManager.getUI(UIManager.java:1070)
2025-05-23 18:07:51,634 [ERROR] LogOutputStream:75 - [STDERR_REDIRECT] 	at java.desktop/javax.swing.JCheckBox.updateUI(JCheckBox.java:228)
2025-05-23 18:07:51,636 [ERROR] LogOutputStream:75 - [STDERR_REDIRECT] 	at java.desktop/javax.swing.AbstractButton.init(AbstractButton.java:2141)
2025-05-23 18:07:51,637 [ERROR] LogOutputStream:75 - [STDERR_REDIRECT] 	at java.desktop/javax.swing.JToggleButton.<init>(JToggleButton.java:187)
2025-05-23 18:07:51,640 [ERROR] LogOutputStream:75 - [STDERR_REDIRECT] 	at java.desktop/javax.swing.JCheckBox.<init>(JCheckBox.java:176)
2025-05-23 18:07:51,642 [ERROR] LogOutputStream:75 - [STDERR_REDIRECT] 	at java.desktop/javax.swing.JCheckBox.<init>(JCheckBox.java:97)
2025-05-23 18:07:51,645 [ERROR] LogOutputStream:75 - [STDERR_REDIRECT] 	at com.st.microxplorer.plugins.ip.nvic.CheckBoxHeader.<init>(CheckBoxHeader.java:55)
2025-05-23 18:07:51,649 [ERROR] LogOutputStream:75 - [STDERR_REDIRECT] 	at com.st.microxplorer.plugins.ip.nvic.NvicCodeSelectionTable.<init>(NvicCodeSelectionTable.java:75)
2025-05-23 18:07:51,651 [ERROR] LogOutputStream:75 - [STDERR_REDIRECT] 	at com.st.microxplorer.plugins.ip.nvic.NvicCodePanel.initComponents(NvicCodePanel.java:102)
2025-05-23 18:07:51,654 [ERROR] LogOutputStream:75 - [STDERR_REDIRECT] 	at com.st.microxplorer.plugins.ip.nvic.NvicCodePanel.<init>(NvicCodePanel.java:78)
2025-05-23 18:07:51,657 [ERROR] LogOutputStream:75 - [STDERR_REDIRECT] 	at com.st.microxplorer.plugins.ip.nvic.NvicTabbedPanel.<init>(NvicTabbedPanel.java:57)
2025-05-23 18:07:51,659 [ERROR] LogOutputStream:75 - [STDERR_REDIRECT] 	at com.st.microxplorer.plugins.ip.nvic.Nvic.getUI(Nvic.java:73)
2025-05-23 18:07:51,663 [ERROR] LogOutputStream:75 - [STDERR_REDIRECT] 	at com.st.microxplorer.plugins.ipmanager.gui.BlockDiagram.createIpPanel(BlockDiagram.java:402)
2025-05-23 18:07:51,666 [ERROR] LogOutputStream:75 - [STDERR_REDIRECT] 	at com.st.microxplorer.plugins.ipmanager.gui.BlockDiagram.getIPConfigPanel(BlockDiagram.java:552)
2025-05-23 18:07:51,669 [ERROR] LogOutputStream:75 - [STDERR_REDIRECT] 	at com.st.microxplorer.plugins.ipmanager.gui.BlockDiagram.getIPConfigPanel(BlockDiagram.java:458)
2025-05-23 18:07:51,672 [ERROR] LogOutputStream:75 - [STDERR_REDIRECT] 	at com.st.microxplorer.plugins.ipmanager.gui.BlockDiagram.propertyChange(BlockDiagram.java:1389)
2025-05-23 18:07:51,675 [ERROR] LogOutputStream:75 - [STDERR_REDIRECT] 	at java.desktop/java.beans.PropertyChangeSupport.fire(PropertyChangeSupport.java:343)
2025-05-23 18:07:51,677 [ERROR] LogOutputStream:75 - [STDERR_REDIRECT] 	at java.desktop/java.beans.PropertyChangeSupport.firePropertyChange(PropertyChangeSupport.java:335)
2025-05-23 18:07:51,682 [ERROR] LogOutputStream:75 - [STDERR_REDIRECT] 	at java.desktop/java.beans.PropertyChangeSupport.firePropertyChange(PropertyChangeSupport.java:268)
2025-05-23 18:07:51,684 [ERROR] LogOutputStream:75 - [STDERR_REDIRECT] 	at com.st.microxplorer.util.MXPropertyChangeSupport.firePropertyChange(MXPropertyChangeSupport.java:54)
2025-05-23 18:07:51,687 [ERROR] LogOutputStream:75 - [STDERR_REDIRECT] 	at com.st.microxplorer.mxsystem.MxSystem.firePropertyChange(MxSystem.java:357)
2025-05-23 18:07:51,690 [ERROR] LogOutputStream:75 - [STDERR_REDIRECT] 	at com.st.microxplorer.plugins.pinoutconfig.guiV5.PeripheralsSelectionPanel.selectIP(PeripheralsSelectionPanel.java:409)
2025-05-23 18:07:51,693 [ERROR] LogOutputStream:75 - [STDERR_REDIRECT] 	at com.st.microxplorer.plugins.pinoutconfig.guiV5.PeripheralsListListener.mouseClicked(PeripheralsListListener.java:103)
2025-05-23 18:07:51,697 [ERROR] LogOutputStream:75 - [STDERR_REDIRECT] 	at java.desktop/java.awt.AWTEventMulticaster.mouseClicked(AWTEventMulticaster.java:278)
2025-05-23 18:07:51,700 [ERROR] LogOutputStream:75 - [STDERR_REDIRECT] 	at java.desktop/java.awt.Component.processMouseEvent(Component.java:6624)
2025-05-23 18:07:51,702 [ERROR] LogOutputStream:75 - [STDERR_REDIRECT] 	at java.desktop/javax.swing.JComponent.processMouseEvent(JComponent.java:3398)
2025-05-23 18:07:51,704 [ERROR] LogOutputStream:75 - [STDERR_REDIRECT] 	at java.desktop/java.awt.Component.processEvent(Component.java:6386)
2025-05-23 18:07:51,706 [ERROR] LogOutputStream:75 - [STDERR_REDIRECT] 	at java.desktop/java.awt.Container.processEvent(Container.java:2266)
2025-05-23 18:07:51,709 [ERROR] LogOutputStream:75 - [STDERR_REDIRECT] 	at java.desktop/java.awt.Component.dispatchEventImpl(Component.java:4996)
2025-05-23 18:07:51,713 [ERROR] LogOutputStream:75 - [STDERR_REDIRECT] 	at java.desktop/java.awt.Container.dispatchEventImpl(Container.java:2324)
2025-05-23 18:07:51,716 [ERROR] LogOutputStream:75 - [STDERR_REDIRECT] 	at java.desktop/java.awt.Component.dispatchEvent(Component.java:4828)
2025-05-23 18:07:51,718 [ERROR] LogOutputStream:75 - [STDERR_REDIRECT] 	at java.desktop/java.awt.LightweightDispatcher.retargetMouseEvent(Container.java:4948)
2025-05-23 18:07:51,720 [ERROR] LogOutputStream:75 - [STDERR_REDIRECT] 	at java.desktop/java.awt.LightweightDispatcher.processMouseEvent(Container.java:4584)
2025-05-23 18:07:51,721 [ERROR] LogOutputStream:75 - [STDERR_REDIRECT] 	at java.desktop/java.awt.LightweightDispatcher.dispatchEvent(Container.java:4516)
2025-05-23 18:07:51,724 [ERROR] LogOutputStream:75 - [STDERR_REDIRECT] 	at java.desktop/java.awt.Container.dispatchEventImpl(Container.java:2310)
2025-05-23 18:07:51,726 [ERROR] LogOutputStream:75 - [STDERR_REDIRECT] 	at java.desktop/java.awt.Component.dispatchEvent(Component.java:4828)
2025-05-23 18:07:51,729 [ERROR] LogOutputStream:75 - [STDERR_REDIRECT] 	at java.desktop/java.awt.EventQueue.dispatchEventImpl(EventQueue.java:775)
2025-05-23 18:07:51,731 [ERROR] LogOutputStream:75 - [STDERR_REDIRECT] 	at java.desktop/java.awt.EventQueue$4.run(EventQueue.java:720)
2025-05-23 18:07:51,733 [ERROR] LogOutputStream:75 - [STDERR_REDIRECT] 	at java.desktop/java.awt.EventQueue$4.run(EventQueue.java:714)
2025-05-23 18:07:51,734 [ERROR] LogOutputStream:75 - [STDERR_REDIRECT] 	at java.base/java.security.AccessController.doPrivileged(AccessController.java:400)
2025-05-23 18:07:51,737 [ERROR] LogOutputStream:75 - [STDERR_REDIRECT] 	at java.base/java.security.ProtectionDomain$JavaSecurityAccessImpl.doIntersectionPrivilege(ProtectionDomain.java:87)
2025-05-23 18:07:51,738 [ERROR] LogOutputStream:75 - [STDERR_REDIRECT] 	at java.base/java.security.ProtectionDomain$JavaSecurityAccessImpl.doIntersectionPrivilege(ProtectionDomain.java:98)
2025-05-23 18:07:51,739 [ERROR] LogOutputStream:75 - [STDERR_REDIRECT] 	at java.desktop/java.awt.EventQueue$5.run(EventQueue.java:747)
2025-05-23 18:07:51,741 [ERROR] LogOutputStream:75 - [STDERR_REDIRECT] 	at java.desktop/java.awt.EventQueue$5.run(EventQueue.java:745)
2025-05-23 18:07:51,742 [ERROR] LogOutputStream:75 - [STDERR_REDIRECT] 	at java.base/java.security.AccessController.doPrivileged(AccessController.java:400)
2025-05-23 18:07:51,746 [ERROR] LogOutputStream:75 - [STDERR_REDIRECT] 	at java.base/java.security.ProtectionDomain$JavaSecurityAccessImpl.doIntersectionPrivilege(ProtectionDomain.java:87)
2025-05-23 18:07:51,749 [ERROR] LogOutputStream:75 - [STDERR_REDIRECT] 	at java.desktop/java.awt.EventQueue.dispatchEvent(EventQueue.java:744)
2025-05-23 18:07:51,752 [ERROR] LogOutputStream:75 - [STDERR_REDIRECT] 	at java.desktop/java.awt.EventDispatchThread.pumpOneEventForFilters(EventDispatchThread.java:203)
2025-05-23 18:07:51,755 [ERROR] LogOutputStream:75 - [STDERR_REDIRECT] 	at java.desktop/java.awt.EventDispatchThread.pumpEventsForFilter(EventDispatchThread.java:124)
2025-05-23 18:07:51,757 [ERROR] LogOutputStream:75 - [STDERR_REDIRECT] 	at java.desktop/java.awt.EventDispatchThread.pumpEventsForHierarchy(EventDispatchThread.java:113)
2025-05-23 18:07:51,760 [ERROR] LogOutputStream:75 - [STDERR_REDIRECT] 	at java.desktop/java.awt.EventDispatchThread.pumpEvents(EventDispatchThread.java:109)
2025-05-23 18:07:51,764 [ERROR] LogOutputStream:75 - [STDERR_REDIRECT] 	at java.desktop/java.awt.EventDispatchThread.pumpEvents(EventDispatchThread.java:101)
2025-05-23 18:07:51,766 [ERROR] LogOutputStream:75 - [STDERR_REDIRECT] 	at java.desktop/java.awt.EventDispatchThread.run(EventDispatchThread.java:90)
2025-05-23 18:07:51,775 [ERROR] LogOutputStream:75 - [STDERR_REDIRECT] java.lang.Error: no ComponentUI class for: com.st.microxplorer.plugins.ip.nvic.CheckBoxHeader[,0,0,0x0,invalid,alignmentX=0.0,alignmentY=0.0,border=,flags=0,maximumSize=,minimumSize=,preferredSize=,defaultIcon=,disabledIcon=,disabledSelectedIcon=,margin=null,paintBorder=true,paintFocus=true,pressedIcon=,rolloverEnabled=false,rolloverIcon=,rolloverSelectedIcon=,selectedIcon=,text=]
2025-05-23 18:07:51,777 [ERROR] LogOutputStream:75 - [STDERR_REDIRECT] 	at java.desktop/javax.swing.UIDefaults.getUIError(UIDefaults.java:763)
2025-05-23 18:07:51,782 [ERROR] LogOutputStream:75 - [STDERR_REDIRECT] 	at java.desktop/javax.swing.MultiUIDefaults.getUIError(MultiUIDefaults.java:144)
2025-05-23 18:07:51,784 [ERROR] LogOutputStream:75 - [STDERR_REDIRECT] 	at java.desktop/javax.swing.UIDefaults.getUI(UIDefaults.java:793)
2025-05-23 18:07:51,785 [ERROR] LogOutputStream:75 - [STDERR_REDIRECT] 	at java.desktop/javax.swing.UIManager.getUI(UIManager.java:1070)
2025-05-23 18:07:51,786 [ERROR] LogOutputStream:75 - [STDERR_REDIRECT] 	at java.desktop/javax.swing.JCheckBox.updateUI(JCheckBox.java:228)
2025-05-23 18:07:51,787 [ERROR] LogOutputStream:75 - [STDERR_REDIRECT] 	at java.desktop/javax.swing.AbstractButton.init(AbstractButton.java:2141)
2025-05-23 18:07:51,789 [ERROR] LogOutputStream:75 - [STDERR_REDIRECT] 	at java.desktop/javax.swing.JToggleButton.<init>(JToggleButton.java:187)
2025-05-23 18:07:51,791 [ERROR] LogOutputStream:75 - [STDERR_REDIRECT] 	at java.desktop/javax.swing.JCheckBox.<init>(JCheckBox.java:176)
2025-05-23 18:07:51,792 [ERROR] LogOutputStream:75 - [STDERR_REDIRECT] 	at java.desktop/javax.swing.JCheckBox.<init>(JCheckBox.java:97)
2025-05-23 18:07:51,794 [ERROR] LogOutputStream:75 - [STDERR_REDIRECT] 	at com.st.microxplorer.plugins.ip.nvic.CheckBoxHeader.<init>(CheckBoxHeader.java:55)
2025-05-23 18:07:51,798 [ERROR] LogOutputStream:75 - [STDERR_REDIRECT] 	at com.st.microxplorer.plugins.ip.nvic.NvicCodeSelectionTable.<init>(NvicCodeSelectionTable.java:78)
2025-05-23 18:07:51,800 [ERROR] LogOutputStream:75 - [STDERR_REDIRECT] 	at com.st.microxplorer.plugins.ip.nvic.NvicCodePanel.initComponents(NvicCodePanel.java:102)
2025-05-23 18:07:51,802 [ERROR] LogOutputStream:75 - [STDERR_REDIRECT] 	at com.st.microxplorer.plugins.ip.nvic.NvicCodePanel.<init>(NvicCodePanel.java:78)
2025-05-23 18:07:51,804 [ERROR] LogOutputStream:75 - [STDERR_REDIRECT] 	at com.st.microxplorer.plugins.ip.nvic.NvicTabbedPanel.<init>(NvicTabbedPanel.java:57)
2025-05-23 18:07:51,805 [ERROR] LogOutputStream:75 - [STDERR_REDIRECT] 	at com.st.microxplorer.plugins.ip.nvic.Nvic.getUI(Nvic.java:73)
2025-05-23 18:07:51,807 [ERROR] LogOutputStream:75 - [STDERR_REDIRECT] 	at com.st.microxplorer.plugins.ipmanager.gui.BlockDiagram.createIpPanel(BlockDiagram.java:402)
2025-05-23 18:07:51,809 [ERROR] LogOutputStream:75 - [STDERR_REDIRECT] 	at com.st.microxplorer.plugins.ipmanager.gui.BlockDiagram.getIPConfigPanel(BlockDiagram.java:552)
2025-05-23 18:07:51,811 [ERROR] LogOutputStream:75 - [STDERR_REDIRECT] 	at com.st.microxplorer.plugins.ipmanager.gui.BlockDiagram.getIPConfigPanel(BlockDiagram.java:458)
2025-05-23 18:07:51,815 [ERROR] LogOutputStream:75 - [STDERR_REDIRECT] 	at com.st.microxplorer.plugins.ipmanager.gui.BlockDiagram.propertyChange(BlockDiagram.java:1389)
2025-05-23 18:07:51,818 [ERROR] LogOutputStream:75 - [STDERR_REDIRECT] 	at java.desktop/java.beans.PropertyChangeSupport.fire(PropertyChangeSupport.java:343)
2025-05-23 18:07:51,820 [ERROR] LogOutputStream:75 - [STDERR_REDIRECT] 	at java.desktop/java.beans.PropertyChangeSupport.firePropertyChange(PropertyChangeSupport.java:335)
2025-05-23 18:07:51,823 [ERROR] LogOutputStream:75 - [STDERR_REDIRECT] 	at java.desktop/java.beans.PropertyChangeSupport.firePropertyChange(PropertyChangeSupport.java:268)
2025-05-23 18:07:51,825 [ERROR] LogOutputStream:75 - [STDERR_REDIRECT] 	at com.st.microxplorer.util.MXPropertyChangeSupport.firePropertyChange(MXPropertyChangeSupport.java:54)
2025-05-23 18:07:51,828 [ERROR] LogOutputStream:75 - [STDERR_REDIRECT] 	at com.st.microxplorer.mxsystem.MxSystem.firePropertyChange(MxSystem.java:357)
2025-05-23 18:07:51,832 [ERROR] LogOutputStream:75 - [STDERR_REDIRECT] 	at com.st.microxplorer.plugins.pinoutconfig.guiV5.PeripheralsSelectionPanel.selectIP(PeripheralsSelectionPanel.java:409)
2025-05-23 18:07:51,836 [ERROR] LogOutputStream:75 - [STDERR_REDIRECT] 	at com.st.microxplorer.plugins.pinoutconfig.guiV5.PeripheralsListListener.mouseClicked(PeripheralsListListener.java:103)
2025-05-23 18:07:51,837 [ERROR] LogOutputStream:75 - [STDERR_REDIRECT] 	at java.desktop/java.awt.AWTEventMulticaster.mouseClicked(AWTEventMulticaster.java:278)
2025-05-23 18:07:51,839 [ERROR] LogOutputStream:75 - [STDERR_REDIRECT] 	at java.desktop/java.awt.Component.processMouseEvent(Component.java:6624)
2025-05-23 18:07:51,841 [ERROR] LogOutputStream:75 - [STDERR_REDIRECT] 	at java.desktop/javax.swing.JComponent.processMouseEvent(JComponent.java:3398)
2025-05-23 18:07:51,843 [ERROR] LogOutputStream:75 - [STDERR_REDIRECT] 	at java.desktop/java.awt.Component.processEvent(Component.java:6386)
2025-05-23 18:07:51,846 [ERROR] LogOutputStream:75 - [STDERR_REDIRECT] 	at java.desktop/java.awt.Container.processEvent(Container.java:2266)
2025-05-23 18:07:51,848 [ERROR] LogOutputStream:75 - [STDERR_REDIRECT] 	at java.desktop/java.awt.Component.dispatchEventImpl(Component.java:4996)
2025-05-23 18:07:51,850 [ERROR] LogOutputStream:75 - [STDERR_REDIRECT] 	at java.desktop/java.awt.Container.dispatchEventImpl(Container.java:2324)
2025-05-23 18:07:51,851 [ERROR] LogOutputStream:75 - [STDERR_REDIRECT] 	at java.desktop/java.awt.Component.dispatchEvent(Component.java:4828)
2025-05-23 18:07:51,852 [ERROR] LogOutputStream:75 - [STDERR_REDIRECT] 	at java.desktop/java.awt.LightweightDispatcher.retargetMouseEvent(Container.java:4948)
2025-05-23 18:07:51,854 [ERROR] LogOutputStream:75 - [STDERR_REDIRECT] 	at java.desktop/java.awt.LightweightDispatcher.processMouseEvent(Container.java:4584)
2025-05-23 18:07:51,856 [ERROR] LogOutputStream:75 - [STDERR_REDIRECT] 	at java.desktop/java.awt.LightweightDispatcher.dispatchEvent(Container.java:4516)
2025-05-23 18:07:51,858 [ERROR] LogOutputStream:75 - [STDERR_REDIRECT] 	at java.desktop/java.awt.Container.dispatchEventImpl(Container.java:2310)
2025-05-23 18:07:51,860 [ERROR] LogOutputStream:75 - [STDERR_REDIRECT] 	at java.desktop/java.awt.Component.dispatchEvent(Component.java:4828)
2025-05-23 18:07:51,864 [ERROR] LogOutputStream:75 - [STDERR_REDIRECT] 	at java.desktop/java.awt.EventQueue.dispatchEventImpl(EventQueue.java:775)
2025-05-23 18:07:51,865 [ERROR] LogOutputStream:75 - [STDERR_REDIRECT] 	at java.desktop/java.awt.EventQueue$4.run(EventQueue.java:720)
2025-05-23 18:07:51,867 [ERROR] LogOutputStream:75 - [STDERR_REDIRECT] 	at java.desktop/java.awt.EventQueue$4.run(EventQueue.java:714)
2025-05-23 18:07:51,869 [ERROR] LogOutputStream:75 - [STDERR_REDIRECT] 	at java.base/java.security.AccessController.doPrivileged(AccessController.java:400)
2025-05-23 18:07:51,870 [ERROR] LogOutputStream:75 - [STDERR_REDIRECT] 	at java.base/java.security.ProtectionDomain$JavaSecurityAccessImpl.doIntersectionPrivilege(ProtectionDomain.java:87)
2025-05-23 18:07:51,873 [ERROR] LogOutputStream:75 - [STDERR_REDIRECT] 	at java.base/java.security.ProtectionDomain$JavaSecurityAccessImpl.doIntersectionPrivilege(ProtectionDomain.java:98)
2025-05-23 18:07:51,875 [ERROR] LogOutputStream:75 - [STDERR_REDIRECT] 	at java.desktop/java.awt.EventQueue$5.run(EventQueue.java:747)
2025-05-23 18:07:51,877 [ERROR] LogOutputStream:75 - [STDERR_REDIRECT] 	at java.desktop/java.awt.EventQueue$5.run(EventQueue.java:745)
2025-05-23 18:07:51,881 [ERROR] LogOutputStream:75 - [STDERR_REDIRECT] 	at java.base/java.security.AccessController.doPrivileged(AccessController.java:400)
2025-05-23 18:07:51,884 [ERROR] LogOutputStream:75 - [STDERR_REDIRECT] 	at java.base/java.security.ProtectionDomain$JavaSecurityAccessImpl.doIntersectionPrivilege(ProtectionDomain.java:87)
2025-05-23 18:07:51,886 [ERROR] LogOutputStream:75 - [STDERR_REDIRECT] 	at java.desktop/java.awt.EventQueue.dispatchEvent(EventQueue.java:744)
2025-05-23 18:07:51,888 [ERROR] LogOutputStream:75 - [STDERR_REDIRECT] 	at java.desktop/java.awt.EventDispatchThread.pumpOneEventForFilters(EventDispatchThread.java:203)
2025-05-23 18:07:51,891 [ERROR] LogOutputStream:75 - [STDERR_REDIRECT] 	at java.desktop/java.awt.EventDispatchThread.pumpEventsForFilter(EventDispatchThread.java:124)
2025-05-23 18:07:51,895 [ERROR] LogOutputStream:75 - [STDERR_REDIRECT] 	at java.desktop/java.awt.EventDispatchThread.pumpEventsForHierarchy(EventDispatchThread.java:113)
2025-05-23 18:07:51,898 [ERROR] LogOutputStream:75 - [STDERR_REDIRECT] 	at java.desktop/java.awt.EventDispatchThread.pumpEvents(EventDispatchThread.java:109)
2025-05-23 18:07:51,900 [ERROR] LogOutputStream:75 - [STDERR_REDIRECT] 	at java.desktop/java.awt.EventDispatchThread.pumpEvents(EventDispatchThread.java:101)
2025-05-23 18:07:51,901 [ERROR] LogOutputStream:75 - [STDERR_REDIRECT] 	at java.desktop/java.awt.EventDispatchThread.run(EventDispatchThread.java:90)
2025-05-23 18:07:58,500 [INFO] UtilMem:75 - End SaveConfig() Used Memory: 370673272 Bytes (954204160)
2025-05-23 18:07:58,822 [INFO] UtilMem:75 - End SaveConfig() Used Memory: 389241240 Bytes (954204160)
2025-05-23 18:07:59,977 [INFO] UtilMem:75 - End SaveConfig() Used Memory: 479198840 Bytes (954204160)
2025-05-23 18:08:00,553 [INFO] BlockDiagram:2775 - set Specific Code input for plugin: SPI
2025-05-23 18:08:00,553 [INFO] BlockDiagram:2775 - set Specific Code input for plugin: CAN
2025-05-23 18:08:00,553 [INFO] BlockDiagram:2775 - set Specific Code input for plugin: CAN
2025-05-23 18:08:00,553 [INFO] BlockDiagram:2775 - set Specific Code input for plugin: TIM1_8
2025-05-23 18:08:00,553 [INFO] BlockDiagram:2775 - set Specific Code input for plugin: I2S
2025-05-23 18:08:00,555 [INFO] BlockDiagram:2775 - set Specific Code input for plugin: SYS
2025-05-23 18:08:00,556 [INFO] BlockDiagram:2775 - set Specific Code input for plugin: RCC
2025-05-23 18:08:00,557 [INFO] BlockDiagram:2775 - set Specific Code input for plugin: I2C
2025-05-23 18:08:00,558 [INFO] BlockDiagram:2775 - set Specific Code input for plugin: I2C
2025-05-23 18:08:00,559 [INFO] BlockDiagram:2775 - set Specific Code input for plugin: I2C
2025-05-23 18:08:00,562 [INFO] BlockDiagram:2775 - set Specific Code input for plugin: NVIC
2025-05-23 18:08:00,563 [INFO] BlockDiagram:2775 - set Specific Code input for plugin: USART
2025-05-23 18:08:00,565 [INFO] BlockDiagram:2775 - set Specific Code input for plugin: TIM1_8
2025-05-23 18:08:00,565 [INFO] BlockDiagram:2775 - set Specific Code input for plugin: GPIO
2025-05-23 18:08:00,567 [INFO] CodeGenerator:882 - code generatio: config db path: C:\ST\STM32CubeIDE_1.13.1\STM32CubeIDE\plugins\com.st.stm32cube.common.mx_6.14.1.202504091515\\db\
2025-05-23 18:08:00,572 [WARN] IP:2250 - I2C_Coeff_DF not found: check if there is a RefParameter without a condition.
2025-05-23 18:08:00,573 [WARN] IP:2250 - Analog_Filter not found: check if there is a RefParameter without a condition.
2025-05-23 18:08:00,574 [WARN] IP:2250 - I2C_Coeff_DF not found: check if there is a RefParameter without a condition.
2025-05-23 18:08:00,574 [WARN] IP:2250 - Analog_Filter not found: check if there is a RefParameter without a condition.
2025-05-23 18:08:00,576 [WARN] IP:2250 - I2C_Coeff_DF not found: check if there is a RefParameter without a condition.
2025-05-23 18:08:00,576 [WARN] IP:2250 - Analog_Filter not found: check if there is a RefParameter without a condition.
2025-05-23 18:08:00,744 [INFO] CodeEngine:263 - oldGeneratedFile, C:\Users\amozd\Documents\GitHub\paddoproject\stm_f446rct7\MXTmpFiles\license.tmp_save
2025-05-23 18:08:01,198 [INFO] CodeEngine:287 - Generated code: C:\Users\amozd\Documents\GitHub\paddoproject\stm_f446rct7\MXTmpFiles\license.tmp
2025-05-23 18:08:01,324 [INFO] CodeEngine:263 - oldGeneratedFile, C:\Users\amozd\Documents\GitHub\paddoproject\stm_f446rct7\MXTmpFiles\gpio.tmp_save
2025-05-23 18:08:01,622 [INFO] CodeEngine:287 - Generated code: C:\Users\amozd\Documents\GitHub\paddoproject\stm_f446rct7\MXTmpFiles\gpio.tmp
2025-05-23 18:08:02,608 [INFO] CodeEngine:263 - oldGeneratedFile, C:\Users\amozd\Documents\GitHub\paddoproject\stm_f446rct7\Core\Src\stm32f4xx_it.c_save
2025-05-23 18:08:03,071 [INFO] CodeEngine:287 - Generated code: C:\Users\amozd\Documents\GitHub\paddoproject\stm_f446rct7\Core\Src\stm32f4xx_it.c
2025-05-23 18:08:03,114 [INFO] CodeEngine:263 - oldGeneratedFile, C:\Users\amozd\Documents\GitHub\paddoproject\stm_f446rct7\Core\Inc\stm32f4xx_it.h_save
2025-05-23 18:08:03,228 [INFO] CodeEngine:287 - Generated code: C:\Users\amozd\Documents\GitHub\paddoproject\stm_f446rct7\Core\Inc\stm32f4xx_it.h
2025-05-23 18:08:03,285 [INFO] CodeEngine:263 - oldGeneratedFile, C:\Users\amozd\Documents\GitHub\paddoproject\stm_f446rct7\Core\Src\stm32f4xx_hal_msp.c_save
2025-05-23 18:08:03,574 [INFO] CodeEngine:287 - Generated code: C:\Users\amozd\Documents\GitHub\paddoproject\stm_f446rct7\Core\Src\stm32f4xx_hal_msp.c
2025-05-23 18:08:03,585 [INFO] CodeEngine:263 - oldGeneratedFile, C:\Users\amozd\Documents\GitHub\paddoproject\stm_f446rct7\MXTmpFiles\system.tmp_save
2025-05-23 18:08:03,688 [INFO] CodeEngine:287 - Generated code: C:\Users\amozd\Documents\GitHub\paddoproject\stm_f446rct7\MXTmpFiles\system.tmp
2025-05-23 18:08:03,753 [INFO] CodeEngine:319 - oldGeneratedFile, C:\Users\amozd\Documents\GitHub\paddoproject\stm_f446rct7\Core\Inc\stm32f4xx_hal_conf.h_save
2025-05-23 18:08:03,921 [INFO] CodeEngine:343 - Generated code: C:\Users\amozd\Documents\GitHub\paddoproject\stm_f446rct7\Core\Inc\stm32f4xx_hal_conf.h
2025-05-23 18:08:03,971 [WARN] IPConfigManager:3217 - Warning: the RefConfig PLL2P_FOR_MCO is not available in your config.xml file
2025-05-23 18:08:03,975 [WARN] IPConfigManager:3790 - IP not found : TIM
2025-05-23 18:08:03,977 [WARN] CodeGenerator:4198 - IP not found : null
2025-05-23 18:08:04,023 [INFO] CodeEngine:263 - oldGeneratedFile, C:\Users\amozd\Documents\GitHub\paddoproject\stm_f446rct7\Core\Inc\main.h_save
2025-05-23 18:08:04,249 [INFO] CodeEngine:287 - Generated code: C:\Users\amozd\Documents\GitHub\paddoproject\stm_f446rct7\Core\Inc\main.h
2025-05-23 18:08:04,281 [INFO] CodeEngine:263 - oldGeneratedFile, C:\Users\amozd\Documents\GitHub\paddoproject\stm_f446rct7\Core\Src\main.c_save
2025-05-23 18:08:04,578 [INFO] CodeEngine:287 - Generated code: C:\Users\amozd\Documents\GitHub\paddoproject\stm_f446rct7\Core\Src\main.c
2025-05-23 18:08:05,435 [INFO] ProjectBuilder:3324 - Time for Copy HAL[1] : 350mS.
2025-05-23 18:08:05,445 [INFO] ProjectBuilder:4912 - Project Generator version: 4.6.0.1-B1
2025-05-23 18:08:05,573 [INFO] ConfigFileManager:1590 - The Die is : DIE421
2025-05-23 18:08:07,691 [INFO] ProjectBuilder:5191 - Time for Generating toolchain IDE Files: 2246mS.
2025-05-23 18:08:07,692 [INFO] ProjectBuilder:3181 - Time for Copy CMSIS : 1mS.
2025-05-23 18:08:07,696 [INFO] ProjectBuilder:3181 - Time for Copy CMSIS : 0mS.
2025-05-23 18:19:05,498 [ERROR] LogOutputStream:75 - [STDERR_REDIRECT] 
2025-05-23 19:11:35,051 [INFO] Activator:176 - 


2025-05-23 19:11:35,055 [INFO] Activator:177 - !SESSION log4j initialized
2025-05-23 19:11:54,194 [INFO] LogOutputStream:77 - [STDOUT_REDIRECT] 
2025-05-23 19:12:01,663 [INFO] ApplicationProperties:184 - Using Application install path: C:\ST\STM32CubeIDE_1.13.1\STM32CubeIDE\plugins\com.st.stm32cube.common.mx_6.14.1.202504091515
2025-05-23 19:12:01,698 [INFO] DbMcusXml:78 - Set database path to: C:\ST\STM32CubeIDE_1.13.1\STM32CubeIDE\plugins\com.st.stm32cube.common.mx_6.14.1.202504091515\\db\/mcu/
2025-05-23 19:12:01,698 [INFO] ApiDb:274 - Set plugin database path to: C:\ST\STM32CubeIDE_1.13.1\STM32CubeIDE\plugins\com.st.stm32cube.common.mx_6.14.1.202504091515\\db\/plugins/boardmanager/
2025-05-23 19:12:01,699 [WARN] ApiDb:259 - Overriding images path with different value:  => C:\ST\STM32CubeIDE_1.13.1\STM32CubeIDE\plugins\com.st.stm32cube.common.mx_6.14.1.202504091515\\db\/plugins/mcufinder/images/
2025-05-23 19:12:01,718 [INFO] ApiDb:250 - Set database path to: C:\Users\amozd\.stmcufinder\plugins\mcufinder//mcu/
2025-05-23 19:12:01,720 [INFO] DbMcusAds:125 - Set database path to: C:\Users\amozd\.stmcufinder\plugins\mcufinder//mcu/
2025-05-23 19:12:01,724 [INFO] CrossReferenceDbSqlite:203 - Set database path to: C:\Users\amozd\.stmcufinder\plugins\mcufinder//mcu/cs/
2025-05-23 19:12:01,997 [INFO] RulesReader:64 - Compatibility file has been processed (302 Rules)
2025-05-23 19:12:02,178 [INFO] DbMcusXml:78 - Set database path to: C:\ST\STM32CubeIDE_1.13.1\STM32CubeIDE\plugins\com.st.stm32cube.common.mx_6.14.1.202504091515\\db\/mcu/
2025-05-23 19:12:02,178 [INFO] ApiDb:274 - Set plugin database path to: C:\ST\STM32CubeIDE_1.13.1\STM32CubeIDE\plugins\com.st.stm32cube.common.mx_6.14.1.202504091515\\db\/plugins/boardmanager/
2025-05-23 19:12:02,178 [INFO] ApiDb:261 - Set plugin images path to: C:\ST\STM32CubeIDE_1.13.1\STM32CubeIDE\plugins\com.st.stm32cube.common.mx_6.14.1.202504091515\\db\/plugins/mcufinder/images/
2025-05-23 19:12:02,179 [WARN] DbFile:41 - Overriding database path with different value: C:\Users\amozd\.stmcufinder\plugins\mcufinder/ => C:\Users\amozd\.stmcufinder\plugins\mcufinder
2025-05-23 19:12:02,179 [INFO] ApiDb:250 - Set database path to: C:\Users\amozd\.stmcufinder\plugins\mcufinder//mcu/
2025-05-23 19:12:02,179 [WARN] DbFile:41 - Overriding database path with different value: C:\Users\amozd\.stmcufinder\plugins\mcufinder/ => C:\Users\amozd\.stmcufinder\plugins\mcufinder
2025-05-23 19:12:02,179 [INFO] DbMcusAds:125 - Set database path to: C:\Users\amozd\.stmcufinder\plugins\mcufinder//mcu/
2025-05-23 19:12:02,180 [WARN] DbFile:41 - Overriding database path with different value: C:\Users\amozd\.stmcufinder\plugins\mcufinder/ => C:\Users\amozd\.stmcufinder\plugins\mcufinder
2025-05-23 19:12:02,180 [WARN] DbFile:41 - Overriding database path with different value: C:\Users\amozd\.stmcufinder\plugins\mcufinder/ => C:\Users\amozd\.stmcufinder\plugins\mcufinder
2025-05-23 19:12:02,180 [INFO] CrossReferenceDbSqlite:203 - Set database path to: C:\Users\amozd\.stmcufinder\plugins\mcufinder//mcu/cs/
2025-05-23 19:12:02,338 [INFO] MainPanel:272 - HeapMemory: 268435456
2025-05-23 19:12:02,636 [INFO] DbMcusXml:78 - Set database path to: C:\ST\STM32CubeIDE_1.13.1\STM32CubeIDE\plugins\com.st.stm32cube.common.mx_6.14.1.202504091515\\db\/mcu/
2025-05-23 19:12:02,636 [INFO] ApiDb:274 - Set plugin database path to: C:\ST\STM32CubeIDE_1.13.1\STM32CubeIDE\plugins\com.st.stm32cube.common.mx_6.14.1.202504091515\\db\/plugins/boardmanager/
2025-05-23 19:12:02,636 [INFO] ApiDb:261 - Set plugin images path to: C:\ST\STM32CubeIDE_1.13.1\STM32CubeIDE\plugins\com.st.stm32cube.common.mx_6.14.1.202504091515\\db\/plugins/mcufinder/images/
2025-05-23 19:12:02,637 [WARN] DbFile:41 - Overriding database path with different value: C:\Users\amozd\.stmcufinder\plugins\mcufinder/ => C:\Users\amozd\.stmcufinder\plugins\mcufinder
2025-05-23 19:12:02,637 [INFO] ApiDb:250 - Set database path to: C:\Users\amozd\.stmcufinder\plugins\mcufinder//mcu/
2025-05-23 19:12:02,637 [WARN] DbFile:41 - Overriding database path with different value: C:\Users\amozd\.stmcufinder\plugins\mcufinder/ => C:\Users\amozd\.stmcufinder\plugins\mcufinder
2025-05-23 19:12:02,637 [INFO] DbMcusAds:125 - Set database path to: C:\Users\amozd\.stmcufinder\plugins\mcufinder//mcu/
2025-05-23 19:12:02,637 [WARN] DbFile:41 - Overriding database path with different value: C:\Users\amozd\.stmcufinder\plugins\mcufinder/ => C:\Users\amozd\.stmcufinder\plugins\mcufinder
2025-05-23 19:12:02,637 [WARN] DbFile:41 - Overriding database path with different value: C:\Users\amozd\.stmcufinder\plugins\mcufinder/ => C:\Users\amozd\.stmcufinder\plugins\mcufinder
2025-05-23 19:12:02,638 [INFO] CrossReferenceDbSqlite:203 - Set database path to: C:\Users\amozd\.stmcufinder\plugins\mcufinder//mcu/cs/
2025-05-23 19:12:02,672 [INFO] ApplicationProperties:184 - Using Application install path: C:\ST\STM32CubeIDE_1.13.1\STM32CubeIDE\plugins\com.st.stm32cube.common.mx_6.14.1.202504091515
2025-05-23 19:12:02,674 [INFO] PluginManage:196 - Search for loadable plugins [exclusion list=, ]
2025-05-23 19:12:02,677 [INFO] PluginManage:310 - Check plugin analytics
2025-05-23 19:12:03,026 [INFO] AnalyticsPlugin:253 - Accepted Software Licenses: 
2025-05-23 19:12:03,027 [INFO] AnalyticsPlugin:255 - Accepted CMSIS Pack Licenses: 
2025-05-23 19:12:03,027 [INFO] AnalyticsPlugin:257 - Accepted Firmware Licenses: FW.F4.1.27.0
2025-05-23 19:12:03,032 [INFO] PluginManage:359 - Loaded plugin analytics (category:tool,tabindex:-1)
2025-05-23 19:12:03,033 [INFO] PluginManage:310 - Check plugin cadmodel
2025-05-23 19:12:03,068 [INFO] CADModel:105 - Init CAD model plugin
2025-05-23 19:12:03,069 [INFO] PluginManage:359 - Loaded plugin cadmodel (category:power,tabindex:5)
2025-05-23 19:12:03,069 [INFO] PluginManage:310 - Check plugin clock
2025-05-23 19:12:03,114 [INFO] PluginManage:359 - Loaded plugin clock (category:base,tabindex:2)
2025-05-23 19:12:03,115 [INFO] PluginManage:310 - Check plugin ddr
2025-05-23 19:12:03,120 [INFO] PluginManage:359 - Loaded plugin ddr (category:tool,tabindex:6)
2025-05-23 19:12:03,121 [INFO] PluginManage:310 - Check plugin filemanager
2025-05-23 19:12:03,395 [INFO] PluginManage:359 - Loaded plugin filemanager (category:base,tabindex:10)
2025-05-23 19:12:03,396 [INFO] PluginManage:310 - Check plugin ipmanager
2025-05-23 19:12:03,409 [INFO] PluginManage:359 - Loaded plugin ipmanager (category:base,tabindex:5)
2025-05-23 19:12:03,409 [INFO] PluginManage:310 - Check plugin lpbam
2025-05-23 19:12:03,447 [INFO] PluginManage:359 - Loaded plugin lpbam (category:base,tabindex:0)
2025-05-23 19:12:03,447 [INFO] PluginManage:310 - Check plugin memorymap
2025-05-23 19:12:03,498 [INFO] PluginManage:359 - Loaded plugin memorymap (category:base,tabindex:4)
2025-05-23 19:12:03,499 [INFO] PluginManage:310 - Check plugin pinoutandconfiguration
2025-05-23 19:12:03,538 [INFO] PluginManage:359 - Loaded plugin pinoutandconfiguration (category:base,tabindex:1)
2025-05-23 19:12:03,538 [INFO] PluginManage:310 - Check plugin pinoutconfig
2025-05-23 19:12:03,736 [WARN] SupportedApi:132 - Cannot load RTOS API schema: s4s-elt-must-match.1: The content of 'definitions' must match (annotation?, (simpleType | complexType)?, (unique | key | keyref)*)). A problem was found starting at: attribute.
2025-05-23 19:12:04,073 [INFO] PluginManage:359 - Loaded plugin pinoutconfig (category:base,tabindex:0)
2025-05-23 19:12:04,073 [INFO] PluginManage:310 - Check plugin power
2025-05-23 19:12:04,117 [INFO] PluginManage:359 - Loaded plugin power (category:power,tabindex:4)
2025-05-23 19:12:04,117 [INFO] PluginManage:310 - Check plugin projectmanager
2025-05-23 19:12:04,146 [INFO] PluginManage:359 - Loaded plugin projectmanager (category:projectmanager,tabindex:4)
2025-05-23 19:12:04,146 [INFO] PluginManage:310 - Check plugin rif
2025-05-23 19:12:04,186 [INFO] PluginManage:359 - Loaded plugin rif (category:base,tabindex:3)
2025-05-23 19:12:04,186 [INFO] PluginManage:310 - Check plugin thirdparty
2025-05-23 19:12:04,774 [INFO] PluginManage:359 - Loaded plugin thirdparty (category:base,tabindex:-1)
2025-05-23 19:12:04,774 [WARN] IntegrityCheckThread:84 - waiting for thirdparty lock release [integrity check]
2025-05-23 19:12:04,774 [INFO] IntegrityCheckThread:86 - entering critical section [integrity check]
2025-05-23 19:12:04,775 [INFO] PluginManage:310 - Check plugin tools
2025-05-23 19:12:04,775 [INFO] ThirdPartyUpdaterWithRetryManager:70 - Updater plugin not ready yet. [1/15]
2025-05-23 19:12:04,865 [INFO] PluginManage:359 - Loaded plugin tools (category:base,tabindex:7)
2025-05-23 19:12:04,865 [INFO] PluginManage:310 - Check plugin tutovideos
2025-05-23 19:12:05,242 [INFO] PluginManage:359 - Loaded plugin tutovideos (category:base,tabindex:-1)
2025-05-23 19:12:05,243 [INFO] PluginManage:310 - Check plugin updater
2025-05-23 19:12:05,279 [INFO] PluginManage:359 - Loaded plugin updater (category:base,tabindex:12)
2025-05-23 19:12:05,279 [INFO] PluginManage:310 - Check plugin userauth
2025-05-23 19:12:05,287 [INFO] UserAuth:118 - Init User Auth plugin
2025-05-23 19:12:05,288 [INFO] PluginManage:359 - Loaded plugin userauth (category:base,tabindex:14)
2025-05-23 19:12:05,289 [INFO] PluginManage:283 - PluginManage : Loaded plugins [18]
2025-05-23 19:12:05,677 [INFO] PinOutPanel:1589 - setPackage(No Configuration,No Configuration)
2025-05-23 19:12:05,846 [INFO] CADModel:165 - CPN selected for project level
2025-05-23 19:12:05,846 [INFO] CADModel:114 - Register for checkConnection events
2025-05-23 19:12:05,902 [INFO] IPUIPlugin:80 - create IPUIPlugin
2025-05-23 19:12:05,902 [INFO] PluginManager:220 - loadIPPluginJar : add adc
2025-05-23 19:12:05,996 [INFO] IPUIPlugin:80 - create IPUIPlugin
2025-05-23 19:12:05,996 [INFO] PluginManager:220 - loadIPPluginJar : add aes
2025-05-23 19:12:06,098 [INFO] IPUIPlugin:80 - create IPUIPlugin
2025-05-23 19:12:06,099 [INFO] PluginManager:220 - loadIPPluginJar : add can
2025-05-23 19:12:06,160 [INFO] IPUIPlugin:80 - create IPUIPlugin
2025-05-23 19:12:06,160 [INFO] PluginManager:220 - loadIPPluginJar : add comp
2025-05-23 19:12:06,245 [INFO] IPUIPlugin:80 - create IPUIPlugin
2025-05-23 19:12:06,245 [INFO] PluginManager:220 - loadIPPluginJar : add cryp
2025-05-23 19:12:06,272 [INFO] IPUIPlugin:80 - create IPUIPlugin
2025-05-23 19:12:06,272 [INFO] PluginManager:220 - loadIPPluginJar : add ddr_ctrl_phy
2025-05-23 19:12:06,346 [INFO] IPUIPlugin:80 - create IPUIPlugin
2025-05-23 19:12:06,347 [INFO] PluginManager:220 - loadIPPluginJar : add dfsdm
2025-05-23 19:12:06,375 [INFO] IPUIPlugin:80 - create IPUIPlugin
2025-05-23 19:12:06,376 [INFO] PluginManager:220 - loadIPPluginJar : add dma
2025-05-23 19:12:06,466 [INFO] IPUIPlugin:80 - create IPUIPlugin
2025-05-23 19:12:06,467 [INFO] PluginManager:220 - loadIPPluginJar : add dma3
2025-05-23 19:12:06,570 [INFO] IPUIPlugin:80 - create IPUIPlugin
2025-05-23 19:12:06,570 [INFO] PluginManager:220 - loadIPPluginJar : add extmemmanager
2025-05-23 19:12:06,617 [INFO] IPUIPlugin:80 - create IPUIPlugin
2025-05-23 19:12:06,617 [INFO] PluginManager:220 - loadIPPluginJar : add fatfs
2025-05-23 19:12:06,718 [INFO] IPUIPlugin:80 - create IPUIPlugin
2025-05-23 19:12:06,718 [INFO] PluginManager:220 - loadIPPluginJar : add fmc
2025-05-23 19:12:06,744 [INFO] IPUIPlugin:80 - create IPUIPlugin
2025-05-23 19:12:06,745 [INFO] PluginManager:220 - loadIPPluginJar : add freertos
2025-05-23 19:12:06,794 [INFO] IPUIPlugin:80 - create IPUIPlugin
2025-05-23 19:12:06,794 [INFO] PluginManager:220 - loadIPPluginJar : add genericplugin
2025-05-23 19:12:07,009 [INFO] IPUIPlugin:80 - create IPUIPlugin
2025-05-23 19:12:07,009 [INFO] PluginManager:220 - loadIPPluginJar : add gfxmmu
2025-05-23 19:12:07,312 [INFO] IPUIPlugin:80 - create IPUIPlugin
2025-05-23 19:12:07,312 [INFO] PluginManager:220 - loadIPPluginJar : add gic
2025-05-23 19:12:07,337 [INFO] IPUIPlugin:80 - create IPUIPlugin
2025-05-23 19:12:07,338 [INFO] PluginManager:220 - loadIPPluginJar : add gpio
2025-05-23 19:12:07,547 [INFO] IPUIPlugin:80 - create IPUIPlugin
2025-05-23 19:12:07,547 [INFO] PluginManager:220 - loadIPPluginJar : add gtzc
2025-05-23 19:12:07,623 [INFO] IPUIPlugin:80 - create IPUIPlugin
2025-05-23 19:12:07,624 [INFO] PluginManager:220 - loadIPPluginJar : add hash
2025-05-23 19:12:07,745 [INFO] IPUIPlugin:80 - create IPUIPlugin
2025-05-23 19:12:07,745 [INFO] PluginManager:220 - loadIPPluginJar : add i2c
2025-05-23 19:12:07,776 [INFO] ThirdPartyUpdaterWithRetryManager:70 - Updater plugin not ready yet. [2/15]
2025-05-23 19:12:07,833 [INFO] IPUIPlugin:80 - create IPUIPlugin
2025-05-23 19:12:07,833 [INFO] PluginManager:220 - loadIPPluginJar : add i2s
2025-05-23 19:12:07,915 [INFO] IPUIPlugin:80 - create IPUIPlugin
2025-05-23 19:12:07,915 [INFO] PluginManager:220 - loadIPPluginJar : add i3c
2025-05-23 19:12:08,115 [INFO] IPUIPlugin:80 - create IPUIPlugin
2025-05-23 19:12:08,116 [INFO] PluginManager:220 - loadIPPluginJar : add ipddr
2025-05-23 19:12:08,327 [INFO] IPUIPlugin:80 - create IPUIPlugin
2025-05-23 19:12:08,327 [INFO] PluginManager:220 - loadIPPluginJar : add linkedlist
2025-05-23 19:12:08,430 [INFO] IPUIPlugin:80 - create IPUIPlugin
2025-05-23 19:12:08,430 [INFO] PluginManager:220 - loadIPPluginJar : add lorawan
2025-05-23 19:12:08,537 [INFO] IPUIPlugin:80 - create IPUIPlugin
2025-05-23 19:12:08,537 [INFO] PluginManager:220 - loadIPPluginJar : add ltdc
2025-05-23 19:12:08,573 [INFO] IPUIPlugin:80 - create IPUIPlugin
2025-05-23 19:12:08,573 [INFO] PluginManager:220 - loadIPPluginJar : add mdma
2025-05-23 19:12:08,601 [INFO] IPUIPlugin:80 - create IPUIPlugin
2025-05-23 19:12:08,601 [INFO] PluginManager:220 - loadIPPluginJar : add nvic
2025-05-23 19:12:08,699 [INFO] IPUIPlugin:80 - create IPUIPlugin
2025-05-23 19:12:08,699 [INFO] PluginManager:220 - loadIPPluginJar : add opamp
2025-05-23 19:12:08,835 [INFO] IPUIPlugin:80 - create IPUIPlugin
2025-05-23 19:12:08,835 [INFO] PluginManager:220 - loadIPPluginJar : add openamp
2025-05-23 19:12:08,937 [INFO] IPUIPlugin:80 - create IPUIPlugin
2025-05-23 19:12:08,937 [INFO] PluginManager:220 - loadIPPluginJar : add pdm2pcm
2025-05-23 19:12:08,964 [INFO] IPUIPlugin:80 - create IPUIPlugin
2025-05-23 19:12:08,968 [INFO] PluginManager:220 - loadIPPluginJar : add plateformsettings
2025-05-23 19:12:09,021 [INFO] IPUIPlugin:80 - create IPUIPlugin
2025-05-23 19:12:09,021 [INFO] PluginManager:220 - loadIPPluginJar : add quadspi
2025-05-23 19:12:09,079 [INFO] IPUIPlugin:80 - create IPUIPlugin
2025-05-23 19:12:09,082 [INFO] PluginManager:220 - loadIPPluginJar : add radio
2025-05-23 19:12:09,102 [INFO] IPUIPlugin:80 - create IPUIPlugin
2025-05-23 19:12:09,102 [INFO] PluginManager:220 - loadIPPluginJar : add resmgrutility
2025-05-23 19:12:09,201 [INFO] IPUIPlugin:80 - create IPUIPlugin
2025-05-23 19:12:09,202 [INFO] PluginManager:220 - loadIPPluginJar : add sai
2025-05-23 19:12:09,286 [INFO] IPUIPlugin:80 - create IPUIPlugin
2025-05-23 19:12:09,286 [INFO] PluginManager:220 - loadIPPluginJar : add spi
2025-05-23 19:12:09,476 [INFO] IPUIPlugin:80 - create IPUIPlugin
2025-05-23 19:12:09,476 [INFO] PluginManager:220 - loadIPPluginJar : add stm32_wpan
2025-05-23 19:12:09,531 [INFO] IPUIPlugin:80 - create IPUIPlugin
2025-05-23 19:12:09,531 [INFO] PluginManager:220 - loadIPPluginJar : add tim
2025-05-23 19:12:09,678 [INFO] IPUIPlugin:80 - create IPUIPlugin
2025-05-23 19:12:09,678 [INFO] PluginManager:220 - loadIPPluginJar : add touchsensing
2025-05-23 19:12:09,730 [INFO] IPUIPlugin:80 - create IPUIPlugin
2025-05-23 19:12:09,730 [INFO] PluginManager:220 - loadIPPluginJar : add tracer_emb
2025-05-23 19:12:09,787 [INFO] IPUIPlugin:80 - create IPUIPlugin
2025-05-23 19:12:09,787 [INFO] PluginManager:220 - loadIPPluginJar : add ts
2025-05-23 19:12:09,846 [INFO] IPUIPlugin:80 - create IPUIPlugin
2025-05-23 19:12:09,847 [INFO] PluginManager:220 - loadIPPluginJar : add tsc
2025-05-23 19:12:09,896 [INFO] IPUIPlugin:80 - create IPUIPlugin
2025-05-23 19:12:09,897 [INFO] PluginManager:220 - loadIPPluginJar : add ucpd
2025-05-23 19:12:10,003 [INFO] IPUIPlugin:80 - create IPUIPlugin
2025-05-23 19:12:10,003 [INFO] PluginManager:220 - loadIPPluginJar : add usart
2025-05-23 19:12:10,106 [INFO] IPUIPlugin:80 - create IPUIPlugin
2025-05-23 19:12:10,107 [INFO] PluginManager:220 - loadIPPluginJar : add usbx
2025-05-23 19:12:10,282 [FATAL] Updater:351 - Updater called before beeing initialized
2025-05-23 19:12:10,331 [INFO] RulesReader:64 - Compatibility file has been processed (302 Rules)
2025-05-23 19:12:10,352 [INFO] RulesReader:64 - Compatibility file has been processed (302 Rules)
2025-05-23 19:12:10,365 [INFO] CADModel:165 - CPN selected for project level
2025-05-23 19:12:10,365 [INFO] CADModel:114 - Register for checkConnection events
2025-05-23 19:12:10,365 [FATAL] Updater:351 - Updater called before beeing initialized
2025-05-23 19:12:10,366 [ERROR] CADModel:125 - Updater not yet initialized, retry later 
2025-05-23 19:12:10,603 [FATAL] Updater:351 - Updater called before beeing initialized
2025-05-23 19:12:10,606 [INFO] CADModel:165 - CPN selected for project level
2025-05-23 19:12:10,607 [INFO] CADModel:114 - Register for checkConnection events
2025-05-23 19:12:10,607 [FATAL] Updater:351 - Updater called before beeing initialized
2025-05-23 19:12:10,607 [ERROR] CADModel:125 - Updater not yet initialized, retry later 
2025-05-23 19:12:10,615 [FATAL] Updater:351 - Updater called before beeing initialized
2025-05-23 19:12:10,778 [INFO] ThirdPartyUpdaterWithRetryManager:70 - Updater plugin not ready yet. [3/15]
2025-05-23 19:12:10,821 [FATAL] Updater:351 - Updater called before beeing initialized
2025-05-23 19:12:10,842 [INFO] DbMcusAds:53 - JSON generation date=Wed May 07 11:07:55 CEST 2025 (1746608875679)
2025-05-23 19:12:10,843 [FATAL] Updater:351 - Updater called before beeing initialized
2025-05-23 19:12:10,929 [WARN] DetailPanel:346 - Failed to get advertising image, set to default
2025-05-23 19:12:11,364 [FATAL] Updater:351 - Updater called before beeing initialized
2025-05-23 19:12:11,367 [FATAL] Updater:351 - Updater called before beeing initialized
2025-05-23 19:12:11,367 [FATAL] Updater:351 - Updater called before beeing initialized
2025-05-23 19:12:11,367 [WARN] DetailPanel:346 - Failed to get advertising image, set to default
2025-05-23 19:12:11,369 [FATAL] Updater:351 - Updater called before beeing initialized
2025-05-23 19:12:11,474 [ERROR] Updater:1198 - MainUpdater not yet initialized. External WinMGr cannot be set.
2025-05-23 19:12:11,495 [INFO] Updater:1134 - Updater Version found : 6.14.1
2025-05-23 19:12:11,528 [INFO] ApplicationProperties:184 - Using Application install path: C:\ST\STM32CubeIDE_1.13.1\STM32CubeIDE\plugins\com.st.stm32cube.common.mx_6.14.1.202504091515
2025-05-23 19:12:12,110 [INFO] MainUpdater:2872 - connection check result : 10
2025-05-23 19:12:12,111 [INFO] MainUpdater:289 - Updater Check For Update Now.
2025-05-23 19:12:12,111 [INFO] MicroXplorer:498 - Change Database Version : DB.6.0.141
2025-05-23 19:12:12,161 [INFO] McuFinderGlobals:63 - Set McuFinder mode to 2 (CubeIDE integrated)
2025-05-23 19:12:12,175 [INFO] UserAuth:484 - Internet connection configuration mode: 1
2025-05-23 19:12:12,253 [INFO] JxBrowserEngine:152 - Initiate JxBrowser Engine with user profile folder
2025-05-23 19:12:12,426 [INFO] CheckServerUpdateThread:120 - End of CheckServer Thread
2025-05-23 19:12:14,635 [WARN] PackLoader:240 - Cannot read IP mode file for STMicroelectronics.FP-SNS-MOTENVWB1.1.4.0
2025-05-23 19:12:14,679 [WARN] PackLoader:240 - Cannot read IP mode file for STMicroelectronics.FP-ATR-ASTRA1.2.0.2
2025-05-23 19:12:14,709 [WARN] PackLoader:240 - Cannot read IP mode file for STMicroelectronics.FP-ATR-ASTRA1.2.0.1
2025-05-23 19:12:14,748 [WARN] PackLoader:240 - Cannot read IP mode file for STMicroelectronics.X-CUBE-SMBUS.2.1.0
2025-05-23 19:12:14,787 [WARN] PackLoader:240 - Cannot read IP mode file for STMicroelectronics.X-CUBE-WB05N.1.1.0
2025-05-23 19:12:14,825 [WARN] PackLoader:240 - Cannot read IP mode file for STMicroelectronics.X-CUBE-ST60.1.0.0
2025-05-23 19:12:14,857 [WARN] PackLoader:240 - Cannot read IP mode file for STMicroelectronics.X-CUBE-TOUCHGFX.4.23.0
2025-05-23 19:12:14,960 [WARN] PackLoader:240 - Cannot read IP mode file for STMicroelectronics.X-CUBE-AZRTOS-F7.1.1.0
2025-05-23 19:12:15,002 [WARN] PackLoader:240 - Cannot read IP mode file for STMicroelectronics.FP-SNS-MOTENV1.4.3.2
2025-05-23 19:12:15,033 [WARN] PackLoader:240 - Cannot read IP mode file for STMicroelectronics.FP-SNS-FLIGHT1.5.0.2
2025-05-23 19:12:15,068 [WARN] PackLoader:240 - Cannot read IP mode file for STMicroelectronics.X-CUBE-DISPLAY.3.0.0
2025-05-23 19:12:15,112 [WARN] PackLoader:240 - Cannot read IP mode file for STMicroelectronics.X-CUBE-BLE1.7.0.0
2025-05-23 19:12:15,159 [WARN] PackLoader:240 - Cannot read IP mode file for STMicroelectronics.X-CUBE-NFC10.1.0.0
2025-05-23 19:12:15,208 [WARN] PackLoader:240 - Cannot read IP mode file for STMicroelectronics.X-CUBE-BLEMGR.4.0.0
2025-05-23 19:12:15,243 [WARN] PackLoader:240 - Cannot read IP mode file for emotas.I-CUBE-CANOPEN.1.3.0
2025-05-23 19:12:15,270 [WARN] PackLoader:240 - Cannot read IP mode file for STMicroelectronics.X-CUBE-TOUCHGFX.4.22.0
2025-05-23 19:12:15,294 [WARN] PackLoader:240 - Cannot read IP mode file for STMicroelectronics.X-CUBE-TOUCHGFX.4.22.1
2025-05-23 19:12:15,330 [WARN] PackLoader:240 - Cannot read IP mode file for STMicroelectronics.X-CUBE-BLEMGR.3.1.0
2025-05-23 19:12:15,362 [WARN] PackLoader:240 - Cannot read IP mode file for STMicroelectronics.X-CUBE-AI.10.0.0
2025-05-23 19:12:15,392 [WARN] PackLoader:240 - Cannot read IP mode file for STMicroelectronics.FP-SNS-SMARTAG2.1.2.0
2025-05-23 19:12:15,444 [WARN] PackLoader:240 - Cannot read IP mode file for STMicroelectronics.FP-SNS-FLIGHT1.5.1.0
2025-05-23 19:12:15,748 [WARN] PackLoader:240 - Cannot read IP mode file for STMicroelectronics.X-CUBE-MEMS1.11.1.0
2025-05-23 19:12:16,051 [INFO] LogOutputStream:77 - [STDOUT_REDIRECT] 1 : Invalid condition id : UX_CORESTACK_Condition cause : null
2025-05-23 19:12:16,054 [INFO] LogOutputStream:77 - [STDOUT_REDIRECT] 1 : Invalid condition id : UX_CORESTACK_Condition cause : null
2025-05-23 19:12:16,056 [INFO] LogOutputStream:77 - [STDOUT_REDIRECT] 1 : Invalid condition id : UX_CORESTACK_Condition cause : null
2025-05-23 19:12:16,060 [INFO] LogOutputStream:77 - [STDOUT_REDIRECT] 1 : Invalid condition id : UX_CORESTACK_Condition cause : null
2025-05-23 19:12:16,062 [INFO] LogOutputStream:77 - [STDOUT_REDIRECT] 1 : Invalid condition id : UX_CORESTACK_Condition cause : null
2025-05-23 19:12:16,067 [WARN] PackLoader:240 - Cannot read IP mode file for STMicroelectronics.X-CUBE-AZRTOS-WL.2.0.0
2025-05-23 19:12:16,094 [WARN] PackLoader:240 - Cannot read IP mode file for STMicroelectronics.FP-SNS-MOTENV1.5.0.0
2025-05-23 19:12:16,121 [WARN] PackLoader:240 - Cannot read IP mode file for wolfSSL.I-CUBE-wolfMQTT.1.19.0
2025-05-23 19:12:16,226 [WARN] PackLoader:240 - Cannot read IP mode file for WES.I-CUBE-Cesium.1.3.0
2025-05-23 19:12:16,258 [WARN] PackLoader:240 - Cannot read IP mode file for STMicroelectronics.X-CUBE-BLE2.3.3.0
2025-05-23 19:12:16,301 [WARN] PackLoader:240 - Cannot read IP mode file for STMicroelectronics.X-CUBE-NFC9.1.0.0
2025-05-23 19:12:16,334 [WARN] PackLoader:240 - Cannot read IP mode file for STMicroelectronics.X-CUBE-BLE1.7.1.0
2025-05-23 19:12:16,367 [WARN] PackLoader:240 - Cannot read IP mode file for STMicroelectronics.X-CUBE-ALGOBUILD.1.3.0
2025-05-23 19:12:16,438 [INFO] WebApp:169 - Instantiating new browser for Auth
2025-05-23 19:12:16,497 [WARN] PackLoader:240 - Cannot read IP mode file for STMicroelectronics.X-CUBE-MEMS1.11.2.0
2025-05-23 19:12:16,716 [WARN] PackLoader:240 - Cannot read IP mode file for STMicroelectronics.X-CUBE-AZRTOS-G0.1.1.0
2025-05-23 19:12:16,751 [WARN] PackLoader:240 - Cannot read IP mode file for STMicroelectronics.X-CUBE-SAFEA1.1.2.2
2025-05-23 19:12:16,780 [WARN] PackLoader:240 - Cannot read IP mode file for STMicroelectronics.X-CUBE-NFC4.3.0.0
2025-05-23 19:12:16,815 [WARN] PackLoader:240 - Cannot read IP mode file for EmbeddedOffice.I-CUBE-FS-RTOS.1.0.1
2025-05-23 19:12:16,843 [WARN] PackLoader:240 - Cannot read IP mode file for STMicroelectronics.X-CUBE-WB05N.2.0.0
2025-05-23 19:12:16,876 [WARN] PackLoader:240 - Cannot read IP mode file for STMicroelectronics.X-CUBE-BLEMGR.3.0.0
2025-05-23 19:12:16,913 [WARN] PackLoader:240 - Cannot read IP mode file for STMicroelectronics.X-CUBE-TCPP.4.2.0
2025-05-23 19:12:16,940 [WARN] PackLoader:240 - Cannot read IP mode file for RealThread.X-CUBE-RT-Thread_Nano.4.1.1
2025-05-23 19:12:16,964 [WARN] PackLoader:240 - Cannot read IP mode file for STMicroelectronics.FP-ATR-SIGFOX1.3.2.0
2025-05-23 19:12:16,992 [WARN] ConditionMgr:438 - getConditionDescription Invalid condition id : Cortex-A Device cause : null
2025-05-23 19:12:17,040 [WARN] ConditionMgr:1044 - genDependencies : Invalid condition id : Cortex-A Device cause : null
2025-05-23 19:12:17,040 [WARN] ConditionMgr:1044 - genDependencies : Invalid condition id : Cortex-A Device cause : null
2025-05-23 19:12:17,041 [WARN] ConditionMgr:1044 - genDependencies : Invalid condition id : Cortex-A Device cause : null
2025-05-23 19:12:17,067 [WARN] PackLoader:240 - Cannot read IP mode file for STMicroelectronics.X-CUBE-EEPRMA1.5.1.0
2025-05-23 19:12:17,138 [WARN] PackLoader:240 - Cannot read IP mode file for SEGGER.I-CUBE-embOS.1.3.1
2025-05-23 19:12:17,226 [WARN] PackLoader:240 - Cannot read IP mode file for STMicroelectronics.X-CUBE-ALGOBUILD.1.4.0
2025-05-23 19:12:17,251 [WARN] PackLoader:240 - Cannot read IP mode file for STMicroelectronics.X-CUBE-GNSS1.6.0.0
2025-05-23 19:12:17,485 [WARN] PackLoader:240 - Cannot read IP mode file for STMicroelectronics.X-CUBE-AZRTOS-F4.1.1.0
2025-05-23 19:12:17,522 [WARN] PackLoader:240 - Cannot read IP mode file for wolfSSL.I-CUBE-wolfSSL.5.6.3
2025-05-23 19:12:17,552 [WARN] PackLoader:240 - Cannot read IP mode file for Avnet-IotConnect.X-CUBE-IoTC-DA16k-PMOD.1.0.0
2025-05-23 19:12:17,581 [WARN] PackLoader:240 - Cannot read IP mode file for STMicroelectronics.X-CUBE-ISPU.2.1.0
2025-05-23 19:12:17,675 [WARN] PackLoader:240 - Cannot read IP mode file for STMicroelectronics.X-CUBE-AZRTOS-L5.2.0.0
2025-05-23 19:12:17,977 [WARN] PackLoader:240 - Cannot read IP mode file for STMicroelectronics.X-CUBE-MEMS1.9.6.0
2025-05-23 19:12:18,431 [WARN] PackLoader:240 - Cannot read IP mode file for STMicroelectronics.X-CUBE-EEPRMA1.4.2.0
2025-05-23 19:12:18,471 [WARN] PackLoader:240 - Cannot read IP mode file for STMicroelectronics.X-CUBE-NFC6.3.1.0
2025-05-23 19:12:18,522 [WARN] PackLoader:240 - Cannot read IP mode file for ITTIA_DB.I-CUBE-ITTIADB.8.8.0
2025-05-23 19:12:18,568 [WARN] PackLoader:240 - Cannot read IP mode file for STMicroelectronics.X-CUBE-BLEMGR.2.0.0
2025-05-23 19:12:18,601 [WARN] PackLoader:240 - Cannot read IP mode file for STMicroelectronics.X-CUBE-DPower.1.2.0
2025-05-23 19:12:18,669 [WARN] ConditionMgr:438 - getConditionDescription Invalid condition id : UX DEVICE CLASS RTOS Condition cause : null
2025-05-23 19:12:18,669 [WARN] ConditionMgr:438 - getConditionDescription Invalid condition id : UX DEVICE CLASS RTOS Condition cause : null
2025-05-23 19:12:18,675 [WARN] PackLoader:240 - Cannot read IP mode file for STMicroelectronics.X-CUBE-AZRTOS-H7.3.1.0
2025-05-23 19:12:18,676 [WARN] ConditionMgr:1044 - genDependencies : Invalid condition id : UX DEVICE CLASS RTOS Condition cause : null
2025-05-23 19:12:18,677 [WARN] ConditionMgr:1044 - genDependencies : Invalid condition id : UX DEVICE CLASS RTOS Condition cause : null
2025-05-23 19:12:18,678 [WARN] ConditionMgr:1044 - genDependencies : Invalid condition id : UX DEVICE CLASS RTOS Condition cause : null
2025-05-23 19:12:18,678 [WARN] ConditionMgr:1044 - genDependencies : Invalid condition id : UX DEVICE CLASS RTOS Condition cause : null
2025-05-23 19:12:18,679 [WARN] ConditionMgr:1044 - genDependencies : Invalid condition id : UX DEVICE CLASS RTOS Condition cause : null
2025-05-23 19:12:18,712 [WARN] PackLoader:240 - Cannot read IP mode file for STMicroelectronics.X-CUBE-FREERTOS.1.3.1
2025-05-23 19:12:18,746 [WARN] PackLoader:240 - Cannot read IP mode file for STMicroelectronics.X-CUBE-FREERTOS.1.3.0
2025-05-23 19:12:18,797 [WARN] PackLoader:240 - Cannot read IP mode file for STMicroelectronics.X-CUBE-NFC7.1.0.1
2025-05-23 19:12:18,852 [WARN] PackLoader:240 - Cannot read IP mode file for STMicroelectronics.X-CUBE-NFC6.3.0.0
2025-05-23 19:12:18,886 [WARN] PackLoader:240 - Cannot read IP mode file for STMicroelectronics.X-CUBE-EEPRMA1.4.1.0
2025-05-23 19:12:18,920 [WARN] PackLoader:240 - Cannot read IP mode file for STMicroelectronics.X-CUBE-DPower.1.3.0
2025-05-23 19:12:18,948 [WARN] PackLoader:240 - Cannot read IP mode file for STMicroelectronics.X-CUBE-AI.8.1.0
2025-05-23 19:12:19,019 [WARN] ConditionMgr:438 - getConditionDescription Invalid condition id : LAN8742 Phy interface Condition cause : null
2025-05-23 19:12:19,020 [WARN] PackLoader:240 - Cannot read IP mode file for STMicroelectronics.X-CUBE-AZRTOS-L4.2.0.0
2025-05-23 19:12:19,021 [WARN] ConditionMgr:1044 - genDependencies : Invalid condition id : LAN8742 Phy interface Condition cause : null
2025-05-23 19:12:19,022 [WARN] ConditionMgr:1044 - genDependencies : Invalid condition id : LAN8742 Phy interface Condition cause : null
2025-05-23 19:12:19,022 [WARN] ConditionMgr:1044 - genDependencies : Invalid condition id : LAN8742 Phy interface Condition cause : null
2025-05-23 19:12:19,056 [WARN] PackLoader:240 - Cannot read IP mode file for STMicroelectronics.X-CUBE-SFXS2LP1.4.0.0
2025-05-23 19:12:19,088 [WARN] PackLoader:240 - Cannot read IP mode file for STMicroelectronics.X-CUBE-ISPU.1.1.0
2025-05-23 19:12:19,148 [WARN] PackLoader:240 - Cannot read IP mode file for STMicroelectronics.X-CUBE-AZRTOS-H7.3.3.0
2025-05-23 19:12:19,224 [WARN] ConditionMgr:438 - getConditionDescription Invalid condition id : UX DEVICE CLASS RTOS Condition cause : null
2025-05-23 19:12:19,224 [WARN] ConditionMgr:438 - getConditionDescription Invalid condition id : UX DEVICE CLASS RTOS Condition cause : null
2025-05-23 19:12:19,226 [WARN] PackLoader:240 - Cannot read IP mode file for STMicroelectronics.X-CUBE-AZRTOS-WB.2.0.0
2025-05-23 19:12:19,227 [WARN] ConditionMgr:1044 - genDependencies : Invalid condition id : UX DEVICE CLASS RTOS Condition cause : null
2025-05-23 19:12:19,227 [WARN] ConditionMgr:1044 - genDependencies : Invalid condition id : UX DEVICE CLASS RTOS Condition cause : null
2025-05-23 19:12:19,228 [WARN] ConditionMgr:1044 - genDependencies : Invalid condition id : UX DEVICE CLASS RTOS Condition cause : null
2025-05-23 19:12:19,228 [WARN] ConditionMgr:1044 - genDependencies : Invalid condition id : UX DEVICE CLASS RTOS Condition cause : null
2025-05-23 19:12:19,228 [WARN] ConditionMgr:1044 - genDependencies : Invalid condition id : UX DEVICE CLASS RTOS Condition cause : null
2025-05-23 19:12:19,259 [WARN] PackLoader:240 - Cannot read IP mode file for STMicroelectronics.X-CUBE-GNSS1.7.0.1
2025-05-23 19:12:19,283 [WARN] PackLoader:240 - Cannot read IP mode file for STMicroelectronics.X-CUBE-TOUCHGFX.4.25.0
2025-05-23 19:12:19,313 [WARN] PackLoader:240 - Cannot read IP mode file for STMicroelectronics.FP-SNS-STBOX1.2.0.0
2025-05-23 19:12:19,352 [WARN] PackLoader:240 - Cannot read IP mode file for STMicroelectronics.X-CUBE-SUBG2.5.0.0
2025-05-23 19:12:19,408 [WARN] PackLoader:240 - Cannot read IP mode file for STMicroelectronics.X-CUBE-AZRTOS-H7RS.1.1.0
2025-05-23 19:12:19,437 [WARN] PackLoader:240 - Cannot read IP mode file for Cesanta.I-CUBE-Mongoose.7.13.0
2025-05-23 19:12:19,469 [WARN] PackLoader:240 - Cannot read IP mode file for STMicroelectronics.X-CUBE-TOF1.3.3.1
2025-05-23 19:12:19,523 [WARN] PackLoader:240 - Cannot read IP mode file for STMicroelectronics.X-CUBE-AZRTOS-G4.2.0.0
2025-05-23 19:12:19,569 [WARN] PackLoader:240 - Cannot read IP mode file for Infineon.AIROC-Wi-Fi-Bluetooth-STM32.1.5.1
2025-05-23 19:12:19,596 [WARN] PackLoader:240 - Cannot read IP mode file for STMicroelectronics.FP-SNS-MOTENVWB1.1.3.0
2025-05-23 19:12:19,621 [WARN] PackLoader:240 - Cannot read IP mode file for STMicroelectronics.X-CUBE-NFC7.2.0.0
2025-05-23 19:12:19,646 [WARN] PackLoader:240 - Cannot read IP mode file for STMicroelectronics.FP-SNS-MOTENVWB1.1.3.1
2025-05-23 19:12:19,670 [WARN] PackLoader:240 - Cannot read IP mode file for STMicroelectronics.X-CUBE-ISPU.2.0.0
2025-05-23 19:12:19,708 [WARN] PackLoader:240 - Cannot read IP mode file for STMicroelectronics.X-CUBE-IPS.3.1.0
2025-05-23 19:12:19,755 [WARN] PackLoader:240 - Cannot read IP mode file for STMicroelectronics.X-CUBE-ALS.1.0.2
2025-05-23 19:12:19,952 [WARN] PackLoader:240 - Cannot read IP mode file for STMicroelectronics.X-CUBE-MEMS1.10.0.0
2025-05-23 19:12:20,199 [WARN] PackLoader:240 - Cannot read IP mode file for STMicroelectronics.X-CUBE-FREERTOS.1.1.0
2025-05-23 19:12:20,229 [WARN] PackLoader:240 - Cannot read IP mode file for STMicroelectronics.X-CUBE-TOUCHGFX.4.24.2
2025-05-23 19:12:20,259 [WARN] PackLoader:240 - Cannot read IP mode file for wolfSSL.I-CUBE-wolfTPM.3.4.0
2025-05-23 19:12:20,291 [WARN] PackLoader:240 - Cannot read IP mode file for portGmbH.I-Cube-SoM-uGOAL.1.1.0
2025-05-23 19:12:20,314 [WARN] PackLoader:240 - Cannot read IP mode file for STMicroelectronics.X-CUBE-ALS.1.0.1
2025-05-23 19:12:20,384 [WARN] PackLoader:240 - Cannot read IP mode file for STMicroelectronics.X-CUBE-AZRTOS-H7RS.1.0.0
2025-05-23 19:12:20,412 [WARN] PackLoader:240 - Cannot read IP mode file for STMicroelectronics.FP-ATR-ASTRA1.2.0.0
2025-05-23 19:12:20,449 [WARN] PackLoader:240 - Cannot read IP mode file for STMicroelectronics.X-CUBE-TOF1.3.4.2
2025-05-23 19:12:20,528 [WARN] PackLoader:240 - Cannot read IP mode file for STMicroelectronics.X-CUBE-TOF1.3.4.3
2025-05-23 19:12:20,602 [WARN] PackLoader:240 - Cannot read IP mode file for STMicroelectronics.X-CUBE-TOF1.3.4.0
2025-05-23 19:12:20,714 [WARN] PackLoader:240 - Cannot read IP mode file for STMicroelectronics.X-CUBE-AZRTOS-H7.3.2.0
2025-05-23 19:12:20,751 [WARN] PackLoader:240 - Cannot read IP mode file for wolfSSL.I-CUBE-wolfSSH.1.4.17
2025-05-23 19:12:20,752 [INFO] ThirdParty:978 - Integrity check success = true
2025-05-23 19:12:20,753 [INFO] IntegrityCheckThread:100 - exiting critical section [integrity check]
2025-05-23 19:12:20,753 [INFO] IntegrityCheckThread:103 - End integrity checks thread
2025-05-23 19:12:20,997 [INFO] WebApp:463 - Apply proxy settings
2025-05-23 19:12:20,998 [INFO] WebApp:548 - Chromium requires no authentication
2025-05-23 19:12:21,049 [INFO] WebApp:491 - Direct internet connection detected
2025-05-23 19:12:21,174 [INFO] WebApp:894 - Register for checkConnection events
2025-05-23 19:12:21,175 [INFO] WebApp:463 - Apply proxy settings
2025-05-23 19:12:21,175 [INFO] WebApp:548 - Chromium requires no authentication
2025-05-23 19:12:21,176 [INFO] WebApp:491 - Direct internet connection detected
2025-05-23 19:12:21,702 [INFO] WebApp:225 - Starting web application
2025-05-23 19:12:21,703 [INFO] WebApp:593 - Web application path used C:\ST\STM32CubeIDE_1.13.1\STM32CubeIDE\plugins\com.st.stm32cube.common.mx_6.14.1.202504091515\db\plugins\mcufinder\reactClient1\index.html
2025-05-23 19:12:21,805 [INFO] WebApp:191 - Connection restablished
2025-05-23 19:12:22,284 [INFO] UserAuth:484 - Internet connection configuration mode: 1
2025-05-23 19:12:33,728 [INFO] WebApp:194 - Connection lost
2025-05-23 19:12:33,860 [INFO] WebApp:191 - Connection restablished
2025-05-23 19:13:04,865 [INFO] WebApp:194 - Connection lost
2025-05-23 19:13:05,029 [INFO] WebApp:191 - Connection restablished
2025-05-23 19:13:14,732 [INFO] WebApp:194 - Connection lost
2025-05-23 19:13:14,852 [INFO] WebApp:191 - Connection restablished
2025-05-23 19:22:36,748 [INFO] WebApp:194 - Connection lost
2025-05-23 19:22:36,879 [INFO] WebApp:191 - Connection restablished
2025-05-23 19:28:17,745 [INFO] WebApp:194 - Connection lost
2025-05-23 19:28:17,881 [INFO] WebApp:191 - Connection restablished
2025-05-23 19:29:29,810 [ERROR] LogOutputStream:75 - [STDERR_REDIRECT] 
